Team,Visiting,Stadium,_featureID,TotalRoadJourney
Bournemouth,Swansea,Dean Court (Vitality Stadium),7,480.464590768681
Sheffield United,Southampton,Bramall Lane,29,607.713309553206
Tottenham,Newcastle,White Hart Lane,34,857.242519956856
QPR,Chelsea,Loftus Road,27,10.0785896445805
QPR,Sheffield United,Loftus Road,27,500.532058147356
West Ham,Crystal Palace,London Stadium (Olympic Stadium),37,41.2499168404446
Brentford,Chelsea,Brentford Community Stadium,8,15.3400205148612
West Ham,Newcastle,London Stadium (Olympic Stadium),37,875.598968303912
Southampton,Brighton,St Mary's Stadium,30,203.382915731307
Hull,Sunderland,MKM Stadium,17,348.04537093413
Southampton,Watford,St Mary's Stadium,30,249.549642405832
Reading,Reading,Madejski Stadium,28,0
Crystal Palace,Birmingham,Selhurst Park,13,378.11712362945
Portsmouth,Man City,Fratton Park,26,704.319322424143
Tottenham,Watford,White Hart Lane,34,56.9912659580694
Sunderland,Brighton,Stadium of Light,32,1025.83640733172
West Brom,Watford,The Hawthorns,36,319.369662994012
Swansea,Watford,Swansea.com Stadium,33,564.592827025388
Huddersfield,Southampton,Kirklees Stadium (John Smith's Stadium),16,696.258956664103
Birmingham,Huddersfield,St Andrew's (stadium),3,316.391690245647
Huddersfield,Sunderland,Kirklees Stadium (John Smith's Stadium),16,327.654493720826
Cardiff,Liverpool,Cardiff City Stadium (Dinas Caerdydd),11,525.004558880814
QPR,Blackpool,Loftus Road,27,716.188051572634
Liverpool,Bournemouth,Anfield,20,718.070012770972
Watford,Stoke,Vicarage Road,35,423.713746576729
West Ham,Leeds,London Stadium (Olympic Stadium),37,609.404117545949
Sunderland,Sunderland,Stadium of Light,32,0
Bolton,Cardiff,University of Bolton Stadium,6,555.864071166621
Sunderland,Crystal Palace,Stadium of Light,32,887.2931316006
West Brom,Middlesbrough,The Hawthorns,36,531.860902168658
Hull,Chelsea,MKM Stadium,17,562.592827332361
Arsenal,Hull,Emirates Stadium,1,544.91734660693
Man City,Aston Villa,Etihad Stadium,21,249.774727022325
Stoke,Liverpool,Bet365 Stadium,31,168.510066121488
Burnley,Blackpool,Turf Moor,10,119.51282542158
Swansea,Bournemouth,Swansea.com Stadium,33,480.464590768681
Brentford,Cardiff,Brentford Community Stadium,8,453.330834370493
Southampton,Brentford,St Mary's Stadium,30,225.242489762395
Watford,Crystal Palace,Vicarage Road,35,81.1117062470628
Fulham,Arsenal,Craven Cottage,15,27.5515154789775
Sheffield United,Birmingham,Bramall Lane,29,234.182540788751
Sheffield United,West Brom,Bramall Lane,29,231.391428246281
Liverpool,Brentford,Anfield,20,628.204038187191
Bolton,Stoke,University of Bolton Stadium,6,163.678751399335
Crystal Palace,Everton,Selhurst Park,13,660.914914611422
Watford,Reading,Vicarage Road,35,117.44921283996
Crystal Palace,Wigan,Selhurst Park,13,645.516601362941
Arsenal,Leeds,Emirates Stadium,1,597.942456645991
Crystal Palace,Liverpool,Selhurst Park,13,658.040996467474
Southampton,Newcastle,St Mary's Stadium,30,999.005290089968
Cardiff,Blackburn,Cardiff City Stadium (Dinas Caerdydd),11,594.988790996032
Huddersfield,Portsmouth,Kirklees Stadium (John Smith's Stadium),16,740.153424923989
Blackburn,Portsmouth,Ewood Park,4,769.099876841195
Tottenham,Crystal Palace,White Hart Lane,34,49.504390385627
Norwich,Hull,Carrow Road,25,463.787480101692
Crystal Palace,Fulham,Selhurst Park,13,29.5581527725186
Huddersfield,Huddersfield,Kirklees Stadium (John Smith's Stadium),16,0
Hull,Norwich,MKM Stadium,17,463.787480101692
Man United,Birmingham,Old Trafford,22,257.356798823072
Stoke,Leicester,Bet365 Stadium,31,181.093608077271
Bournemouth,Cardiff,Dean Court (Vitality Stadium),7,362.830315648209
Middlesbrough,Portsmouth,Riverside Stadium,23,948.430314299777
Sheffield United,Newcastle,Bramall Lane,29,399.30004184967
Watford,Brentford,Vicarage Road,35,45.9945671344773
Hull,Fulham,MKM Stadium,17,562.241510421709
West Ham,Southampton,London Stadium (Olympic Stadium),37,265.662291614308
Watford,Watford,Vicarage Road,35,0
Huddersfield,Hull,Kirklees Stadium (John Smith's Stadium),16,209.959744477848
Stoke,Aston Villa,Bet365 Stadium,31,128.7818643545
Sheffield United,Middlesbrough,Bramall Lane,29,304.830597799593
Bolton,Sunderland,University of Bolton Stadium,6,411.549114687462
Leeds,Crystal Palace,Elland Road,18,634.05996627457
Leeds,Huddersfield,Elland Road,18,40.6484589325374
Huddersfield,Man City,Kirklees Stadium (John Smith's Stadium),16,81.4946741262969
Everton,Southampton,Goodison Park,14,689.187928353406
Liverpool,Blackpool,Anfield,20,138.734849942207
Fulham,Chelsea,Craven Cottage,15,4.88576346143526
Leeds,Portsmouth,Elland Road,18,757.124220066839
Fulham,QPR,Craven Cottage,15,8.11206445149868
Man City,Wolves,Etihad Stadium,21,219.076430592912
Watford,QPR,Vicarage Road,35,48.3898352470233
Leicester,Middlesbrough,King Power Stadium,19,482.606097074269
Man United,Portsmouth,Old Trafford,22,702.529412557668
Wigan,Wolves,DW Stadium,38,247.304306824657
Leeds,Stoke,Elland Road,18,232.22037801227
Brentford,Norwich,Brentford Community Stadium,8,378.563465459127
West Brom,Reading,The Hawthorns,36,303.791579484562
Arsenal,Crystal Palace,Emirates Stadium,1,38.5649146195635
Fulham,Blackburn,Craven Cottage,15,659.037228838319
Birmingham,Leeds,St Andrew's (stadium),3,339.698983042497
Norwich,Stoke,Carrow Road,25,539.157067408234
Sheffield United,Norwich,Bramall Lane,29,463.069751161882
Swansea,Birmingham,Swansea.com Stadium,33,388.25857563624
Sheffield United,Bolton,Bramall Lane,29,170.193407736702
Wigan,Stoke,DW Stadium,38,155.985671016956
Brentford,QPR,Brentford Community Stadium,8,11.2571456229489
Swansea,Leeds,Swansea.com Stadium,33,686.042243197818
Blackpool,Cardiff,Bloomfield Road,5,645.199194308335
West Ham,Brentford,London Stadium (Olympic Stadium),37,41.1816552928178
Blackpool,Brentford,Bloomfield Road,5,714.57431889395
Watford,Middlesbrough,Vicarage Road,35,741.430400985727
Wolves,Bolton,Molineux Stadium,39,254.997387207036
Newcastle,Portsmouth,St. James' Park,24,1042.89975834985
Stoke,Southampton,Bet365 Stadium,31,539.431991496432
Leeds,Bournemouth,Elland Road,18,762.689200163405
Watford,Sheffield United,Vicarage Road,35,456.484792875021
Bournemouth,Sunderland,Dean Court (Vitality Stadium),7,1037.36202008969
Wolves,Blackpool,Molineux Stadium,39,346.198982635949
Blackburn,Leeds,Ewood Park,4,149.102388286573
Huddersfield,Burnley,Kirklees Stadium (John Smith's Stadium),16,87.2308339324717
Burnley,Reading,Turf Moor,10,623.970537005644
Stoke,Stoke,Bet365 Stadium,31,0
Man United,Brentford,Old Trafford,22,583.689947372542
Burnley,Crystal Palace,Turf Moor,10,683.339479425331
Brighton,West Brom,Falmer Stadium (The Amex),9,518.259829663023
Liverpool,Blackburn,Anfield,20,115.261520597165
Bournemouth,Portsmouth,Dean Court (Vitality Stadium),7,150.463452096542
Norwich,West Ham,Carrow Road,25,342.483755101164
Hull,Southampton,MKM Stadium,17,724.05628782976
Man United,Stoke,Old Trafford,22,125.967884918736
Everton,Leicester,Goodison Park,14,348.7743456585
Tottenham,West Ham,White Hart Lane,34,18.3877790781768
Brentford,Hull,Brentford Community Stadium,8,560.025770010966
Brighton,Fulham,Falmer Stadium (The Amex),9,161.76600364861
Sunderland,Huddersfield,Stadium of Light,32,327.654493720826
Arsenal,Blackpool,Emirates Stadium,1,709.934950907398
Leeds,West Brom,Elland Road,18,336.907870500027
Leicester,Wigan,King Power Stadium,19,333.376032410019
Blackburn,Chelsea,Ewood Park,4,659.895111257073
Reading,Leeds,Madejski Stadium,28,598.284177232065
Burnley,Man City,Turf Moor,10,81.5828467069161
Aston Villa,Blackburn,Villa Park,2,314.555281439376
Stoke,Burnley,Bet365 Stadium,31,206.345780672054
Liverpool,Swansea,Anfield,20,508.658614357612
Burnley,Portsmouth,Turf Moor,10,782.810579840419
Burnley,Tottenham,Turf Moor,10,647.253640495251
Wigan,Reading,DW Stadium,38,574.642598731348
Brighton,QPR,Falmer Stadium (The Amex),9,169.878068100109
Norwich,Man City,Carrow Road,25,579.669259199695
Birmingham,Blackburn,St Andrew's (stadium),3,323.927263106598
Aston Villa,Burnley,Villa Park,2,328.8021819424
Crystal Palace,Man United,Selhurst Park,13,613.526905652825
Blackpool,Aston Villa,Bloomfield Road,5,376.897279065362
Man City,Bolton,Etihad Stadium,21,55.7320293517602
Sunderland,Swansea,Stadium of Light,32,966.473390715004
Leeds,Wolves,Elland Road,18,319.229856972037
Wolves,Huddersfield,Molineux Stadium,39,278.950771278656
Hull,Brentford,MKM Stadium,17,560.025770010965
Blackburn,QPR,Ewood Park,4,653.273245404227
Southampton,Leeds,St Mary's Stadium,30,713.229751806954
Man United,Everton,Old Trafford,22,99.767146806361
Sunderland,West Brom,Stadium of Light,32,612.020818405309
Liverpool,Leeds,Anfield,20,215.981846577427
Sheffield United,Bournemouth,Bramall Lane,29,657.172757909658
West Ham,Bolton,London Stadium (Olympic Stadium),37,631.150653549402
Arsenal,Southampton,Emirates Stadium,1,258.068405632619
Southampton,Southampton,St Mary's Stadium,30,0
Watford,Fulham,Vicarage Road,35,54.1538186811168
QPR,Everton,Loftus Road,27,632.691689009822
Watford,Everton,Vicarage Road,35,588.644423737487
Brighton,Leeds,Falmer Stadium (The Amex),9,771.566955260016
Portsmouth,Leeds,Fratton Park,26,757.12422006684
Bolton,Fulham,University of Bolton Stadium,6,630.750439577814
Huddersfield,Crystal Palace,Kirklees Stadium (John Smith's Stadium),16,617.300930859851
Portsmouth,Crystal Palace,Fratton Park,26,224.151617034365
Crystal Palace,Stoke,Selhurst Park,13,495.984237450664
West Brom,Cardiff,The Hawthorns,36,326.398670060152
Birmingham,Burnley,St Andrew's (stadium),3,338.174163609623
Chelsea,Norwich,Stamford Bridge,12,368.095015352898
Aston Villa,Bolton,Villa Park,2,285.695683636448
Blackpool,Blackburn,Bloomfield Road,5,85.5990769671655
Reading,Blackburn,Madejski Stadium,28,611.195276916654
Southampton,Tottenham,St Mary's Stadium,30,270.024912193256
Leicester,Bournemouth,King Power Stadium,19,479.885812527477
Blackburn,Hull,Ewood Park,4,321.769142016091
Liverpool,Norwich,Anfield,20,679.795375480858
Bolton,Blackpool,University of Bolton Stadium,6,102.371781204295
Sheffield United,Blackburn,Bramall Lane,29,192.900519572445
Southampton,Crystal Palace,St Mary's Stadium,30,246.040333622125
Blackpool,Norwich,Bloomfield Road,5,729.104711395438
Sheffield United,Burnley,Bramall Lane,29,172.055572331268
Arsenal,Watford,Emirates Stadium,1,52.1426061877647
Reading,Liverpool,Madejski Stadium,28,583.071195382088
Blackpool,Huddersfield,Bloomfield Road,5,203.330962343241
Birmingham,Sunderland,St Andrew's (stadium),3,614.81193094778
Cardiff,Newcastle,Cardiff City Stadium (Dinas Caerdydd),11,947.670823204549
Wigan,Man United,DW Stadium,38,60.0265549750729
Middlesbrough,Hull,Riverside Stadium,23,260.19569038868
QPR,West Ham,Loftus Road,27,32.473798018727
Brighton,Tottenham,Falmer Stadium (The Amex),9,188.047666116751
Brighton,Southampton,Falmer Stadium (The Amex),9,203.382915731307
Brighton,Aston Villa,Falmer Stadium (The Amex),9,512.561097152966
Arsenal,Everton,Emirates Stadium,1,626.438588344587
Leicester,Arsenal,King Power Stadium,19,298.474378453609
Tottenham,Wolves,White Hart Lane,34,388.664045671615
QPR,Arsenal,Loftus Road,27,24.297211824422
Fulham,Portsmouth,Craven Cottage,15,213.806648237047
Newcastle,Man City,St. James' Park,24,409.654295245369
Middlesbrough,Southampton,Riverside Stadium,23,904.535846039891
Leeds,QPR,Elland Road,18,605.836740672971
Crystal Palace,Swansea,Selhurst Park,13,607.038526774759
Leicester,Burnley,King Power Stadium,19,353.119248288725
Portsmouth,Swansea,Fratton Park,26,538.446039355488
Crystal Palace,Brighton,Selhurst Park,13,142.204428464167
Cardiff,Leicester,Cardiff City Stadium (Dinas Caerdydd),11,433.970872685727
Middlesbrough,Swansea,Riverside Stadium,23,887.463359611003
Hull,Bournemouth,MKM Stadium,17,779.282748384136
Birmingham,Aston Villa,St Andrew's (stadium),3,10.7810604018766
Stoke,Norwich,Bet365 Stadium,31,539.157067408235
Bournemouth,Birmingham,Dean Court (Vitality Stadium),7,434.836581391595
Blackburn,Middlesbrough,Ewood Park,4,309.809759462026
Liverpool,West Ham,Anfield,20,635.981968271556
Arsenal,Man United,Emirates Stadium,1,579.05057938599
Fulham,Middlesbrough,Craven Cottage,15,786.992027168655
Brentford,Blackpool,Brentford Community Stadium,8,714.57431889395
Hull,Middlesbrough,MKM Stadium,17,260.195690388681
West Brom,Brighton,The Hawthorns,36,518.259829663022
Fulham,Leicester,Craven Cottage,15,310.491462552938
Cardiff,Tottenham,Cardiff City Stadium (Dinas Caerdydd),11,497.377750119449
Burnley,Middlesbrough,Turf Moor,10,274.5140207707
Leeds,Newcastle,Elland Road,18,301.41006760668
Swansea,Reading,Swansea.com Stadium,33,469.678809266122
Chelsea,Sunderland,Stamford Bridge,12,867.503260315958
Man United,Norwich,Old Trafford,22,588.03857540728
Reading,Bournemouth,Madejski Stadium,28,222.764731184905
Stoke,Tottenham,Bet365 Stadium,31,459.898398520583
Southampton,Wigan,St Mary's Stadium,30,688.652730396002
Man United,Hull,Old Trafford,22,297.946400241013
Middlesbrough,Chelsea,Riverside Stadium,23,787.343344079308
Wolves,Norwich,Molineux Stadium,39,531.905088811306
Wolves,Newcastle,Molineux Stadium,39,614.908626576717
Newcastle,Southampton,St. James' Park,24,999.005290089968
Bournemouth,Leicester,Dean Court (Vitality Stadium),7,479.885812527477
Crystal Palace,Arsenal,Selhurst Park,13,38.5649146195635
Sunderland,Burnley,Stadium of Light,32,336.269864180547
Crystal Palace,Burnley,Selhurst Park,13,683.339479425331
Brighton,Huddersfield,Falmer Stadium (The Amex),9,754.807919845297
Everton,Newcastle,Goodison Park,14,480.672249793971
Leicester,Sheffield United,King Power Stadium,19,197.439239390131
Wolves,Watford,Molineux Stadium,39,350.60189251926
Newcastle,Wolves,St. James' Park,24,614.908626576718
Crystal Palace,Leeds,Selhurst Park,13,634.05996627457
Burnley,Watford,Turf Moor,10,611.068988551397
Portsmouth,Burnley,Fratton Park,26,782.810579840419
West Brom,Aston Villa,The Hawthorns,36,12.1638392312
Liverpool,Leicester,Anfield,20,345.900427514551
QPR,Norwich,Loftus Road,27,369.855608185036
Chelsea,Leicester,Stamford Bridge,12,311.349344971691
Sheffield United,Cardiff,Bramall Lane,29,552.731905232094
Blackburn,Brentford,Ewood Park,4,651.659512725544
Wigan,Newcastle,DW Stadium,38,436.092633093573
Huddersfield,Brentford,Kirklees Stadium (John Smith's Stadium),16,587.463972579569
QPR,Portsmouth,Loftus Road,27,221.211484360156
Leicester,Brentford,King Power Stadium,19,303.113746440161
Swansea,Liverpool,Swansea.com Stadium,33,508.658614357612
Wolves,Brighton,Molineux Stadium,39,549.49205918827
Man City,Middlesbrough,Etihad Stadium,21,320.7320463972
QPR,Bolton,Loftus Road,27,624.986456143721
Cardiff,Swansea,Cardiff City Stadium (Dinas Caerdydd),11,127.677871809202
Blackpool,Tottenham,Bloomfield Road,5,708.325438244152
Everton,Wolves,Goodison Park,14,250.809517235172
Man United,Swansea,Old Trafford,22,557.659012926398
Portsmouth,Middlesbrough,Fratton Park,26,948.430314299777
Brighton,Stoke,Falmer Stadium (The Amex),9,633.49122643611
Blackburn,Aston Villa,Ewood Park,4,314.555281439376
Bolton,Watford,University of Bolton Stadium,6,580.939190871385
Arsenal,Liverpool,Emirates Stadium,1,623.564670200638
Burnley,Chelsea,Turf Moor,10,661.738119676578
Stoke,Blackburn,Bet365 Stadium,31,192.538349202262
Portsmouth,Fulham,Fratton Park,26,213.806648237047
Norwich,Chelsea,Carrow Road,25,368.095015352898
Hull,Reading,MKM Stadium,17,606.312540756178
Chelsea,Brentford,Stamford Bridge,12,15.3400205148612
Fulham,Crystal Palace,Craven Cottage,15,29.5581527725186
West Brom,Sheffield United,The Hawthorns,36,231.391428246281
Swansea,Southampton,Swansea.com Stadium,33,478.394615355904
Brentford,West Brom,Brentford Community Stadium,8,357.866279447908
Swansea,Norwich,Swansea.com Stadium,33,848.506289180876
Bournemouth,Sheffield United,Dean Court (Vitality Stadium),7,657.172757909659
Birmingham,Everton,St Andrew's (stadium),3,297.849788503027
Blackpool,Leicester,Bloomfield Road,5,427.537212953286
Norwich,West Brom,Carrow Road,25,507.706531875275
West Brom,Brentford,The Hawthorns,36,357.866279447908
Hull,Crystal Palace,MKM Stadium,17,582.382698617003
Watford,Norwich,Vicarage Road,35,357.500963259348
Watford,Bolton,Vicarage Road,35,580.939190871385
Aston Villa,Reading,Villa Park,2,298.092846974505
Burnley,Man United,Turf Moor,10,84.844775976324
Norwich,Brighton,Carrow Road,25,506.039906074789
Fulham,Leeds,Craven Cottage,15,611.600724107064
Reading,Stoke,Madejski Stadium,28,425.421859831778
Newcastle,Wigan,St. James' Park,24,436.092633093574
West Ham,Hull,London Stadium (Olympic Stadium),37,556.379007506889
Wolves,Bournemouth,Molineux Stadium,39,478.04776064242
Sheffield United,Hull,Bramall Lane,29,201.43052750659
Reading,Fulham,Madejski Stadium,28,121.207513036694
West Ham,Blackburn,London Stadium (Olympic Stadium),37,659.437442809907
Southampton,West Brom,St Mary's Stadium,30,417.801711149216
Brighton,Man City,Falmer Stadium (The Amex),9,748.301366463598
Middlesbrough,Leicester,Riverside Stadium,23,482.606097074269
Middlesbrough,Wolves,Riverside Stadium,23,525.986377728549
Stoke,Everton,Bet365 Stadium,31,171.383984265437
Sheffield United,Stoke,Bramall Lane,29,161.90039127204
Blackburn,Tottenham,Ewood Park,4,645.410632075746
Fulham,Brentford,Craven Cottage,15,12.7343166206186
Arsenal,Norwich,Emirates Stadium,1,348.599561803131
Bournemouth,Burnley,Dean Court (Vitality Stadium),7,771.282570747338
Brighton,Blackburn,Falmer Stadium (The Amex),9,819.00345999127
Man United,Blackburn,Old Trafford,22,72.0359773852086
Fulham,Huddersfield,Craven Cottage,15,594.841688692345
Bolton,Chelsea,University of Bolton Stadium,6,631.608321996567
Aston Villa,Everton,Villa Park,2,291.972182277143
Huddersfield,Cardiff,Kirklees Stadium (John Smith's Stadium),16,613.971773360592
Norwich,Newcastle,Carrow Road,25,810.759471633867
Newcastle,Birmingham,St. James' Park,24,629.121458761205
Man United,Liverpool,Old Trafford,22,102.644437960542
Cardiff,West Brom,Cardiff City Stadium (Dinas Caerdydd),11,326.398670060153
Cardiff,West Ham,Cardiff City Stadium (Dinas Caerdydd),11,493.814725348528
Swansea,Hull,Swansea.com Stadium,33,783.964756856234
Southampton,Chelsea,St Mary's Stadium,30,237.400467411779
Fulham,Bournemouth,Craven Cottage,15,312.88082613421
Brentford,Tottenham,Brentford Community Stadium,8,44.961575659149
Brentford,Brentford,Brentford Community Stadium,8,0
Wolves,Swansea,Molineux Stadium,39,380.350045923712
Man United,Blackpool,Old Trafford,22,147.378946356993
Portsmouth,Brighton,Fratton Park,26,159.569188935812
Reading,Chelsea,Madejski Stadium,28,123.806029893592
Reading,Hull,Madejski Stadium,28,606.312540756178
Hull,Everton,MKM Stadium,17,382.490964858899
Blackburn,Cardiff,Ewood Park,4,594.988790996033
Middlesbrough,Liverpool,Riverside Stadium,23,417.402962990613
Everton,Brentford,Goodison Park,14,631.07795633114
Wolves,Man United,Molineux Stadium,39,217.286520726438
Stoke,Birmingham,Bet365 Stadium,31,138.153846021722
Portsmouth,Bolton,Fratton Park,26,740.240279038266
Aston Villa,QPR,Villa Park,2,355.535064048003
Wolves,Chelsea,Molineux Stadium,39,402.183257829007
Sunderland,Everton,Stadium of Light,32,479.502544925222
Norwich,Burnley,Carrow Road,25,631.121355164299
Sunderland,Liverpool,Stadium of Light,32,481.427100261614
Birmingham,Birmingham,St Andrew's (stadium),3,0
Man United,Newcastle,Old Trafford,22,419.7319268525
Sunderland,Man United,Stadium of Light,32,410.969594240981
Man City,Liverpool,Etihad Stadium,21,113.151211489689
Hull,QPR,MKM Stadium,17,556.477526987615
Cardiff,Hull,Cardiff City Stadium (Dinas Caerdydd),11,723.039700587388
Southampton,QPR,St Mary's Stadium,30,236.320482157056
Middlesbrough,Stoke,Riverside Stadium,23,438.976898768782
Stoke,Wigan,Bet365 Stadium,31,155.985671016956
West Brom,Everton,The Hawthorns,36,280.764855564724
QPR,Liverpool,Loftus Road,27,629.817770865874
Everton,Arsenal,Goodison Park,14,626.438588344588
Liverpool,Crystal Palace,Anfield,20,658.040996467473
Chelsea,Stoke,Stamford Bridge,12,474.382877701911
Wolves,Fulham,Molineux Stadium,39,399.635519540426
Sheffield United,Blackpool,Bramall Lane,29,269.120049868506
Crystal Palace,Bolton,Selhurst Park,13,653.20968174532
Watford,Aston Villa,Vicarage Road,35,313.670930483956
Fulham,Man United,Craven Cottage,15,591.067663485318
Watford,Newcastle,Vicarage Road,35,835.899845035804
Leicester,Man United,King Power Stadium,19,285.722989154129
Everton,Stoke,Goodison Park,14,171.383984265437
Middlesbrough,Man City,Riverside Stadium,23,320.7320463972
Stoke,Chelsea,Bet365 Stadium,31,474.382877701911
Brentford,Arsenal,Brentford Community Stadium,8,33.0050690985128
West Brom,Man City,The Hawthorns,36,244.315006374704
Bolton,Everton,University of Bolton Stadium,6,76.2066780888148
Leeds,Watford,Elland Road,18,561.789475400636
Liverpool,Brighton,Anfield,20,795.54798545292
Birmingham,Portsmouth,St Andrew's (stadium),3,446.900787988475
Birmingham,West Brom,St Andrew's (stadium),3,17.0849329383033
Wigan,Southampton,DW Stadium,38,688.652730396001
Bolton,Tottenham,University of Bolton Stadium,6,617.123842815239
Everton,Liverpool,Goodison Park,14,3.14241454383003
West Ham,Leicester,London Stadium (Olympic Stadium),37,310.891676524526
Aston Villa,Sheffield United,Villa Park,2,224.797467593609
Leicester,Portsmouth,King Power Stadium,19,465.824217225508
QPR,Wolves,Loftus Road,27,392.466026083307
Man City,Man United,Etihad Stadium,21,15.0467546254386
Wolves,Sunderland,Molineux Stadium,39,606.146293965199
Tottenham,Swansea,White Hart Lane,34,615.01202523992
Swansea,Sunderland,Swansea.com Stadium,33,966.473390715005
Southampton,Man City,St Mary's Stadium,30,660.424854164257
Swansea,West Brom,Swansea.com Stadium,33,381.802699086947
Leicester,Man City,King Power Stadium,19,282.965836343296
Reading,Blackpool,Madejski Stadium,28,673.53727454264
Bournemouth,Middlesbrough,Dean Court (Vitality Stadium),7,957.202103853044
Leicester,Reading,King Power Stadium,19,306.984174390734
Cardiff,Southampton,Cardiff City Stadium (Dinas Caerdydd),11,360.760340235432
Watford,Leeds,Vicarage Road,35,561.789475400635
Newcastle,Watford,St. James' Park,24,835.899845035804
Tottenham,Bolton,White Hart Lane,34,617.123842815239
Norwich,Portsmouth,Carrow Road,25,584.111943355825
Bolton,West Brom,University of Bolton Stadium,6,280.235962988828
Burnley,Hull,Turf Moor,10,284.706447589393
Swansea,Leicester,Swansea.com Stadium,33,511.33835320684
Sheffield United,Crystal Palace,Bramall Lane,29,528.755283748954
Aston Villa,Newcastle,Villa Park,2,619.736385566063
Bolton,Aston Villa,University of Bolton Stadium,6,285.695683636448
West Ham,Arsenal,London Stadium (Olympic Stadium),37,14.6643823846512
Leicester,Blackpool,King Power Stadium,19,427.537212953286
Bolton,Brentford,University of Bolton Stadium,6,623.372723465037
Reading,Tottenham,Madejski Stadium,28,153.336738909948
Brighton,Wolves,Falmer Stadium (The Amex),9,549.49205918827
Arsenal,Brighton,Emirates Stadium,1,177.108190350687
Everton,West Ham,Goodison Park,14,638.855886415505
Man United,Brighton,Old Trafford,22,751.033894638271
Aston Villa,Arsenal,Villa Park,2,351.803459085984
Everton,Aston Villa,Goodison Park,14,291.972182277143
Wigan,Everton,DW Stadium,38,63.5383072760029
West Ham,Swansea,London Stadium (Olympic Stadium),37,611.449000468999
Birmingham,Brentford,St Andrew's (stadium),3,343.070888027281
Chelsea,Everton,Stamford Bridge,12,639.313554862669
Reading,Leicester,Madejski Stadium,28,306.984174390734
Norwich,Reading,Carrow Road,25,470.80161634502
Man United,Chelsea,Old Trafford,22,591.925545904072
Everton,Bolton,Goodison Park,14,76.2066780888149
Liverpool,West Brom,Anfield,20,280.480987977473
Brighton,Cardiff,Falmer Stadium (The Amex),9,561.519232744172
West Ham,Man City,London Stadium (Olympic Stadium),37,588.735349282234
Huddersfield,QPR,Kirklees Stadium (John Smith's Stadium),16,589.077705258253
West Ham,Wigan,London Stadium (Olympic Stadium),37,623.457573167023
Norwich,Bolton,Carrow Road,25,630.178069263632
Arsenal,Tottenham,Emirates Stadium,1,13.6565790597987
Arsenal,Wolves,Emirates Stadium,1,390.273558334861
Brentford,West Ham,Brentford Community Stadium,8,41.1816552928178
Cardiff,Man United,Cardiff City Stadium (Dinas Caerdydd),11,539.042196680823
Tottenham,Stoke,White Hart Lane,34,459.898398520583
Norwich,Blackburn,Carrow Road,25,652.885181099376
Chelsea,Birmingham,Stamford Bridge,12,356.155636883132
QPR,Hull,Loftus Road,27,556.477526987615
Birmingham,Bolton,St Andrew's (stadium),3,295.067665303671
Brighton,Brighton,Falmer Stadium (The Amex),9,0
Man City,Chelsea,Etihad Stadium,21,589.193017729399
Sunderland,Wigan,Stadium of Light,32,428.170263467314
Man United,Sheffield United,Old Trafford,22,128.236398742565
Blackburn,Wolves,Ewood Park,4,283.856985009963
Southampton,Huddersfield,St Mary's Stadium,30,696.258956664104
Everton,Huddersfield,Goodison Park,14,177.012917051519
Middlesbrough,Arsenal,Riverside Stadium,23,769.667863353876
Everton,Middlesbrough,Goodison Park,14,414.525671836431
Chelsea,Fulham,Stamford Bridge,12,4.88576346143527
Wolves,Portsmouth,Molineux Stadium,39,492.92840893435
Leeds,Leeds,Elland Road,18,0
Sheffield United,Portsmouth,Bramall Lane,29,651.607777813093
Bolton,Arsenal,University of Bolton Stadium,6,618.733355478485
Swansea,Arsenal,Swansea.com Stadium,33,603.272414274694
Leicester,Cardiff,King Power Stadium,19,433.970872685727
Liverpool,Man City,Anfield,20,113.151211489689
Cardiff,Norwich,Cardiff City Stadium (Dinas Caerdydd),11,757.274766173466
Reading,Wolves,Madejski Stadium,28,335.023809009811
Crystal Palace,QPR,Selhurst Park,13,36.5336657144045
Portsmouth,Aston Villa,Fratton Park,26,455.997446899046
Man City,Brentford,Etihad Stadium,21,580.957419197869
Middlesbrough,West Brom,Riverside Stadium,23,531.860902168659
Wigan,Bolton,DW Stadium,38,21.4386246709109
Leeds,West Ham,Elland Road,18,609.404117545949
Swansea,Chelsea,Swansea.com Stadium,33,585.698211818975
Man United,Leeds,Old Trafford,22,129.388561591145
Bolton,Leeds,University of Bolton Stadium,6,150.226601597457
Fulham,Norwich,Craven Cottage,15,372.49541920391
Portsmouth,Newcastle,Fratton Park,26,1042.89975834985
Huddersfield,West Brom,Kirklees Stadium (John Smith's Stadium),16,304.189347060447
Blackburn,Brighton,Ewood Park,4,819.003459991272
Man City,Reading,Etihad Stadium,21,545.89271657503
Man City,Sunderland,Etihad Stadium,21,400.891962633851
Everton,Swansea,Goodison Park,14,508.942481944862
Sheffield United,West Ham,Bramall Lane,29,506.696255553038
Fulham,Aston Villa,Craven Cottage,15,362.704557505121
Brentford,Huddersfield,Brentford Community Stadium,8,587.463972579569
Birmingham,Brighton,St Andrew's (stadium),3,503.464438242395
Birmingham,Norwich,St Andrew's (stadium),3,494.994601520601
Southampton,Reading,St Mary's Stadium,30,145.036625273581
Southampton,Stoke,St Mary's Stadium,30,539.431991496431
Crystal Palace,West Brom,Selhurst Park,13,393.517655076447
Wolves,Wolves,Molineux Stadium,39,0
Cardiff,Middlesbrough,Cardiff City Stadium (Dinas Caerdydd),11,853.201379154472
Huddersfield,Arsenal,Kirklees Stadium (John Smith's Stadium),16,582.824604593017
Sunderland,Portsmouth,Stadium of Light,32,1028.59023053643
Leeds,Cardiff,Elland Road,18,654.250859053973
Reading,Middlesbrough,Madejski Stadium,28,789.590271465003
Brentford,Bolton,Brentford Community Stadium,8,623.372723465037
Wigan,Chelsea,DW Stadium,38,623.915241614187
Leicester,Everton,King Power Stadium,19,348.7743456585
Southampton,Aston Villa,St Mary's Stadium,30,412.102978639159
Watford,Birmingham,Vicarage Road,35,304.574271573386
Birmingham,Southampton,St Andrew's (stadium),3,403.006319728589
West Brom,Wolves,The Hawthorns,36,31.2322295252479
Hull,Leeds,MKM Stadium,17,179.37731248515
West Brom,Newcastle,The Hawthorns,36,626.330346218735
West Brom,Blackpool,The Hawthorns,36,371.437558417741
Southampton,Bolton,St Mary's Stadium,30,696.34581077838
Man United,Leicester,Old Trafford,22,285.722989154129
Aston Villa,Cardiff,Villa Park,2,330.69805406112
Man United,Crystal Palace,Old Trafford,22,613.526905652825
Bournemouth,Newcastle,Dean Court (Vitality Stadium),7,1051.67154790312
Fulham,Bolton,Craven Cottage,15,630.750439577814
Chelsea,Burnley,Stamford Bridge,12,661.738119676578
Hull,Leicester,MKM Stadium,17,302.126538864138
Reading,Newcastle,Madejski Stadium,28,884.05971551508
Man City,Blackpool,Etihad Stadium,21,154.658671483565
Liverpool,Fulham,Anfield,20,635.581754299968
Aston Villa,Crystal Palace,Villa Park,2,386.279785352818
Aston Villa,West Ham,Villa Park,2,364.220757156902
Man United,Bournemouth,Old Trafford,22,690.465205960787
QPR,Fulham,Loftus Road,27,8.11206445149868
Middlesbrough,Norwich,Riverside Stadium,23,708.308974301611
Brighton,Portsmouth,Falmer Stadium (The Amex),9,159.569188935813
Bolton,Birmingham,University of Bolton Stadium,6,295.067665303671
Blackburn,Man City,Ewood Park,4,78.4391411875039
Wigan,Blackburn,DW Stadium,38,58.8949780642484
Middlesbrough,Everton,Riverside Stadium,23,414.525671836431
Portsmouth,Blackburn,Fratton Park,26,769.099876841194
Huddersfield,Tottenham,Kirklees Stadium (John Smith's Stadium),16,581.215091929771
Burnley,Stoke,Turf Moor,10,206.345780672054
West Brom,Sunderland,The Hawthorns,36,612.020818405309
Sheffield United,Chelsea,Bramall Lane,29,507.153924000202
Fulham,Wolves,Craven Cottage,15,399.635519540425
Wigan,Arsenal,DW Stadium,38,611.040275096106
Norwich,Aston Villa,Carrow Road,25,495.81821466292
Bolton,Wolves,University of Bolton Stadium,6,254.997387207036
Blackpool,Reading,Bloomfield Road,5,673.53727454264
Reading,Wigan,Madejski Stadium,28,574.642598731348
Man City,Man City,Etihad Stadium,21,0
Leeds,Wigan,Elland Road,18,170.985058265994
Man United,Reading,Old Trafford,22,544.624812633128
Bournemouth,Southampton,Dean Court (Vitality Stadium),7,90.4120280969573
Bournemouth,Liverpool,Dean Court (Vitality Stadium),7,718.070012770972
Liverpool,Wolves,Anfield,20,250.525649647921
Everton,Leeds,Goodison Park,14,213.104555423246
Wolves,Cardiff,Molineux Stadium,39,335.021002081936
Middlesbrough,Man United,Riverside Stadium,23,330.809678004331
Birmingham,Crystal Palace,St Andrew's (stadium),3,378.11712362945
Norwich,Crystal Palace,Carrow Road,25,380.950327306574
Reading,Swansea,Madejski Stadium,28,469.678809266122
Hull,Liverpool,MKM Stadium,17,385.368256013081
Wigan,QPR,DW Stadium,38,617.293375761341
Swansea,Middlesbrough,Swansea.com Stadium,33,887.463359611003
Cardiff,Brighton,Cardiff City Stadium (Dinas Caerdydd),11,561.519232744171
Middlesbrough,Middlesbrough,Riverside Stadium,23,0
Wolves,Reading,Molineux Stadium,39,335.02380900981
Southampton,Norwich,St Mary's Stadium,30,603.53009312169
Fulham,Burnley,Craven Cottage,15,660.880237257825
Brentford,Newcastle,Brentford Community Stadium,8,878.333377629456
Sunderland,Arsenal,Stadium of Light,32,849.827779590527
Bournemouth,Fulham,Dean Court (Vitality Stadium),7,312.88082613421
Newcastle,Burnley,St. James' Park,24,344.192233806807
Arsenal,West Ham,Emirates Stadium,1,14.6643823846512
Leeds,Bolton,Elland Road,18,150.226601597457
Blackpool,Chelsea,Bloomfield Road,5,722.80991742548
Blackpool,Sheffield United,Bloomfield Road,5,269.120049868507
West Brom,Wigan,The Hawthorns,36,272.542882606449
Fulham,Sunderland,Craven Cottage,15,867.151943405305
Brentford,Fulham,Brentford Community Stadium,8,12.7343166206185
West Ham,West Ham,London Stadium (Olympic Stadium),37,0
Wolves,Middlesbrough,Molineux Stadium,39,525.986377728548
Sunderland,Newcastle,Stadium of Light,32,38.6277757600963
Burnley,Burnley,Turf Moor,10,0
Crystal Palace,Aston Villa,Selhurst Park,13,386.279785352819
Swansea,Blackburn,Swansea.com Stadium,33,605.244094009309
Tottenham,Liverpool,White Hart Lane,34,621.955157537392
Burnley,Cardiff,Turf Moor,10,621.38761497217
West Brom,Arsenal,The Hawthorns,36,359.041328809612
Newcastle,Sheffield United,St. James' Park,24,399.30004184967
Crystal Palace,Sheffield United,Selhurst Park,13,528.755283748955
Man City,QPR,Etihad Stadium,21,582.571151876553
Aston Villa,Norwich,Villa Park,2,495.81821466292
Man City,Newcastle,Etihad Stadium,21,409.65429524537
Fulham,Hull,Craven Cottage,15,562.241510421708
Tottenham,West Brom,White Hart Lane,34,357.431816146367
Arsenal,Swansea,Emirates Stadium,1,603.272414274693
Leeds,Swansea,Elland Road,18,686.042243197818
Stoke,Huddersfield,Bet365 Stadium,31,191.941292318889
Sheffield United,Fulham,Bramall Lane,29,506.296041581449
Stoke,QPR,Bet365 Stadium,31,467.761011849065
West Brom,Liverpool,The Hawthorns,36,280.480987977473
Norwich,Bournemouth,Carrow Road,25,681.258199033015
Sunderland,Leeds,Stadium of Light,32,288.50740962984
Liverpool,Wigan,Anfield,20,66.4155984301843
Newcastle,Middlesbrough,St. James' Park,24,122.005034911144
Watford,Chelsea,Vicarage Road,35,55.9739881859764
Everton,Blackburn,Goodison Park,14,113.336965260773
Portsmouth,Sheffield United,Fratton Park,26,651.607777813093
Burnley,Southampton,Turf Moor,10,738.916111580533
Sunderland,Brentford,Stadium of Light,32,864.023849816029
Aston Villa,Aston Villa,Villa Park,2,0
Everton,Tottenham,Goodison Park,14,624.829075681341
Leeds,Brighton,Elland Road,18,771.566955260016
Blackpool,Sunderland,Bloomfield Road,5,402.562880540227
Crystal Palace,Norwich,Selhurst Park,13,380.950327306574
Blackburn,Burnley,Ewood Park,4,41.0705605715574
Blackburn,Blackpool,Ewood Park,4,85.5990769671655
Bournemouth,Reading,Dean Court (Vitality Stadium),7,222.764731184905
Burnley,Brighton,Turf Moor,10,820.846468410778
Swansea,Brentford,Swansea.com Stadium,33,570.965109490965
Arsenal,Portsmouth,Emirates Stadium,1,239.168039630892
Middlesbrough,Brighton,Riverside Stadium,23,945.676491095073
Aston Villa,Man United,Villa Park,2,247.98481715585
Brentford,Crystal Palace,Brentford Community Stadium,8,41.0954741150345
Leeds,Man City,Elland Road,18,119.310929984015
Brentford,Liverpool,Brentford Community Stadium,8,628.204038187191
Wigan,Sunderland,DW Stadium,38,428.170263467313
Crystal Palace,Watford,Selhurst Park,13,81.1117062470628
Brentford,Everton,Brentford Community Stadium,8,631.077956331139
Aston Villa,Tottenham,Villa Park,2,350.193946422738
Aston Villa,Wolves,Villa Park,2,43.3960687564479
Norwich,Leeds,Carrow Road,25,544.564620875903
Blackburn,Wigan,Ewood Park,4,58.8949780642484
Sheffield United,Huddersfield,Bramall Lane,29,88.9049990881608
Huddersfield,Leicester,Kirklees Stadium (John Smith's Stadium),16,285.984886501027
Swansea,Crystal Palace,Swansea.com Stadium,33,607.038526774759
Stoke,Brighton,Bet365 Stadium,31,633.49122643611
Tottenham,QPR,White Hart Lane,34,36.2537183850582
Blackpool,Wigan,Bloomfield Road,5,102.586601477019
Newcastle,Blackburn,St. James' Park,24,379.168423072186
Huddersfield,Wigan,Kirklees Stadium (John Smith's Stadium),16,134.893419894267
QPR,Blackburn,Loftus Road,27,653.273245404226
Hull,Newcastle,MKM Stadium,17,374.48784864759
Huddersfield,Leeds,Kirklees Stadium (John Smith's Stadium),16,40.6484589325374
Leeds,Hull,Elland Road,18,179.37731248515
Hull,Tottenham,MKM Stadium,17,538.022559159833
Liverpool,Portsmouth,Anfield,20,740.581772113511
Watford,Huddersfield,Vicarage Road,35,545.030439985916
Norwich,Tottenham,Carrow Road,25,336.565409109501
Brighton,Man United,Falmer Stadium (The Amex),9,751.03389463827
Everton,Watford,Goodison Park,14,588.644423737487
Southampton,Leicester,St Mary's Stadium,30,421.929748965622
Swansea,Burnley,Swansea.com Stadium,33,631.642917985448
Newcastle,Newcastle,St. James' Park,24,0
Middlesbrough,Watford,Riverside Stadium,23,741.430400985728
Burnley,Sheffield United,Turf Moor,10,172.055572331268
Arsenal,QPR,Emirates Stadium,1,24.297211824422
Arsenal,Burnley,Emirates Stadium,1,648.863153158496
QPR,Leeds,Loftus Road,27,605.836740672971
Everton,Sheffield United,Goodison Park,14,223.848634216404
Middlesbrough,Blackpool,Riverside Stadium,23,371.976732460445
Wolves,Burnley,Molineux Stadium,39,298.103885512988
Blackburn,West Brom,Ewood Park,4,309.095560791755
Blackpool,West Brom,Bloomfield Road,5,371.437558417741
QPR,Stoke,Loftus Road,27,467.761011849065
Aston Villa,Stoke,Villa Park,2,128.7818643545
Bournemouth,Brighton,Dean Court (Vitality Stadium),7,291.485841828749
Blackpool,Liverpool,Bloomfield Road,5,138.734849942207
Stoke,Fulham,Bet365 Stadium,31,473.524995283159
Stoke,Portsmouth,Bet365 Stadium,31,583.326459756318
Stoke,Wolves,Bet365 Stadium,31,98.0835679250872
Chelsea,Man City,Stamford Bridge,12,589.193017729399
Chelsea,Portsmouth,Stamford Bridge,12,216.054395425941
Bournemouth,Brentford,Dean Court (Vitality Stadium),7,302.970595673719
Leicester,Crystal Palace,King Power Stadium,19,332.950704720443
Wigan,Liverpool,DW Stadium,38,66.4155984301843
Bournemouth,Blackburn,Dean Court (Vitality Stadium),7,757.035670244313
Wigan,Fulham,DW Stadium,38,623.057359195435
Fulham,Man City,Craven Cottage,15,588.335135310646
Birmingham,Watford,St Andrew's (stadium),3,304.574271573386
Leeds,Middlesbrough,Elland Road,18,208.34749339319
Reading,Watford,Madejski Stadium,28,117.44921283996
West Ham,Sheffield United,London Stadium (Olympic Stadium),37,506.696255553038
Blackburn,Huddersfield,Ewood Park,4,120.792680337912
Wolves,QPR,Molineux Stadium,39,392.466026083307
Cardiff,Blackpool,Cardiff City Stadium (Dinas Caerdydd),11,645.199194308335
Crystal Palace,Huddersfield,Selhurst Park,13,617.300930859852
Crystal Palace,Cardiff,Selhurst Park,13,489.404251654287
Leeds,Liverpool,Elland Road,18,215.981846577427
Sunderland,Chelsea,Stadium of Light,32,867.503260315958
Blackpool,Arsenal,Bloomfield Road,5,709.934950907398
Liverpool,Huddersfield,Anfield,20,179.8902082057
Huddersfield,Blackburn,Kirklees Stadium (John Smith's Stadium),16,120.792680337912
Chelsea,Middlesbrough,Stamford Bridge,12,787.343344079308
Aston Villa,Portsmouth,Villa Park,2,455.997446899045
Tottenham,Reading,White Hart Lane,34,153.336738909948
Aston Villa,Swansea,Villa Park,2,389.980436526991
Hull,Bolton,MKM Stadium,17,319.61301103311
Wigan,Leeds,DW Stadium,38,170.985058265994
Newcastle,Everton,St. James' Park,24,480.672249793971
Blackburn,Everton,Ewood Park,4,113.336965260773
Portsmouth,West Brom,Fratton Park,26,461.696179409102
Norwich,Sheffield United,Carrow Road,25,463.069751161882
Southampton,Man United,St Mary's Stadium,30,658.634944297782
Man City,Blackburn,Etihad Stadium,21,78.4391411875039
Huddersfield,Fulham,Kirklees Stadium (John Smith's Stadium),16,594.841688692346
Leicester,Chelsea,King Power Stadium,19,311.34934497169
Wolves,Brentford,Molineux Stadium,39,389.098508973156
Portsmouth,Tottenham,Fratton Park,26,252.370622098197
Middlesbrough,Birmingham,Riverside Stadium,23,534.652014711129
Wolves,West Ham,Molineux Stadium,39,402.690856405778
Norwich,Watford,Carrow Road,25,357.500963259348
Everton,Birmingham,Goodison Park,14,297.849788503027
Chelsea,Blackpool,Stamford Bridge,12,722.80991742548
Newcastle,Liverpool,St. James' Park,24,482.596805130363
Arsenal,Cardiff,Emirates Stadium,1,485.638139154222
Blackpool,Bournemouth,Bloomfield Road,5,819.377667870298
Middlesbrough,Reading,Riverside Stadium,23,789.590271465003
West Ham,Portsmouth,London Stadium (Olympic Stadium),37,245.212929757697
Sunderland,Leicester,Stadium of Light,32,562.76601331092
Fulham,Cardiff,Craven Cottage,15,465.465419841605
West Ham,Sunderland,London Stadium (Olympic Stadium),37,861.289440490486
Bolton,Reading,University of Bolton Stadium,6,582.335679113727
Leicester,Leeds,King Power Stadium,19,302.743921915747
West Ham,Man United,London Stadium (Olympic Stadium),37,591.467877456906
West Brom,Norwich,The Hawthorns,36,507.706531875275
Wigan,Birmingham,DW Stadium,38,287.374584921292
Aston Villa,Southampton,Villa Park,2,412.102978639159
Reading,Brentford,Madejski Stadium,28,108.58672925328
Leicester,Sunderland,King Power Stadium,19,562.76601331092
Fulham,Birmingham,Craven Cottage,15,353.60789859455
Swansea,Blackpool,Swansea.com Stadium,33,643.789761368659
Bolton,Man City,University of Bolton Stadium,6,55.7320293517602
Sunderland,Cardiff,Stadium of Light,32,933.361295391121
Tottenham,Southampton,White Hart Lane,34,270.024912193255
Liverpool,Arsenal,Anfield,20,623.564670200639
Everton,Norwich,Goodison Park,14,682.669293624807
Leicester,Blackburn,King Power Stadium,19,353.69255450713
Everton,Chelsea,Goodison Park,14,639.313554862669
Blackburn,Liverpool,Ewood Park,4,115.261520597165
Portsmouth,Birmingham,Fratton Park,26,446.900787988476
Brighton,Crystal Palace,Falmer Stadium (The Amex),9,142.204428464167
Sheffield United,Sheffield United,Bramall Lane,29,0
Reading,Brighton,Madejski Stadium,28,222.858878206519
Reading,Man United,Madejski Stadium,28,544.624812633128
Southampton,Hull,St Mary's Stadium,30,724.05628782976
Sunderland,Sheffield United,Stadium of Light,32,384.990514036243
Fulham,Stoke,Craven Cottage,15,473.524995283159
West Ham,Brighton,London Stadium (Olympic Stadium),37,179.793192571568
Blackpool,Stoke,Bloomfield Road,5,254.880346828248
Bolton,Wigan,University of Bolton Stadium,6,21.4386246709109
Wolves,Wigan,Molineux Stadium,39,247.304306824658
Sheffield United,Watford,Bramall Lane,29,456.48479287502
Wigan,Sheffield United,DW Stadium,38,184.108042385116
Everton,West Brom,Goodison Park,14,280.764855564723
Everton,Sunderland,Goodison Park,14,479.502544925222
Reading,Crystal Palace,Madejski Stadium,28,142.095467394255
Brentford,Portsmouth,Brentford Community Stadium,8,211.651681958506
Swansea,Newcastle,Swansea.com Stadium,33,974.395760341265
Arsenal,Bournemouth,Emirates Stadium,1,335.796511543944
Wigan,Huddersfield,DW Stadium,38,134.893419894267
Middlesbrough,Sheffield United,Riverside Stadium,23,304.830597799593
West Ham,Middlesbrough,London Stadium (Olympic Stadium),37,781.129524253835
Brentford,Man City,Brentford Community Stadium,8,580.95741919787
Brentford,Watford,Brentford Community Stadium,8,45.9945671344773
West Ham,Blackpool,London Stadium (Olympic Stadium),37,722.352248978315
Watford,Tottenham,Vicarage Road,35,56.9912659580694
Bolton,Bournemouth,University of Bolton Stadium,6,728.176072441385
Arsenal,Middlesbrough,Emirates Stadium,1,769.667863353877
Sheffield United,Wolves,Bramall Lane,29,232.046592929315
Stoke,Middlesbrough,Bet365 Stadium,31,438.976898768781
Brighton,Chelsea,Falmer Stadium (The Amex),9,160.642750396257
West Brom,Swansea,The Hawthorns,36,381.802699086948
Middlesbrough,QPR,Riverside Stadium,23,781.228043734561
Everton,Burnley,Goodison Park,14,147.746098768504
Middlesbrough,Leeds,Riverside Stadium,23,208.34749339319
Southampton,Portsmouth,St Mary's Stadium,30,62.3605259991003
Bournemouth,Aston Villa,Dean Court (Vitality Stadium),7,443.933240302165
Reading,Birmingham,Madejski Stadium,28,288.996188063936
Tottenham,Sheffield United,White Hart Lane,34,492.669444818874
Wigan,Wigan,DW Stadium,38,0
Burnley,Wigan,Turf Moor,10,97.9947705929452
Brighton,Liverpool,Falmer Stadium (The Amex),9,795.547985452919
Sheffield United,Tottenham,Bramall Lane,29,492.669444818874
Bournemouth,Blackpool,Dean Court (Vitality Stadium),7,819.377667870299
Bolton,Man United,University of Bolton Stadium,6,48.1511849391819
Stoke,Swansea,Bet365 Stadium,31,461.786100245315
Bournemouth,Tottenham,Dean Court (Vitality Stadium),7,347.75301810458
QPR,Cardiff,Loftus Road,27,462.919386016811
Arsenal,Sunderland,Emirates Stadium,1,849.827779590528
Liverpool,Man United,Anfield,20,102.644437960542
Leeds,Arsenal,Elland Road,18,597.94245664599
Cardiff,Cardiff,Cardiff City Stadium (Dinas Caerdydd),11,0
Watford,Man United,Vicarage Road,35,541.256414778889
Swansea,Brighton,Swansea.com Stadium,33,679.153507864643
Brighton,Hull,Falmer Stadium (The Amex),9,720.925974348127
Wolves,Man City,Molineux Stadium,39,219.076430592913
Watford,Hull,Vicarage Road,35,522.211787621618
QPR,Sunderland,Loftus Road,27,861.387959971212
Fulham,Liverpool,Craven Cottage,15,635.581754299967
Chelsea,Wolves,Stamford Bridge,12,402.183257829007
Watford,Arsenal,Vicarage Road,35,52.1426061877646
Bolton,Burnley,University of Bolton Stadium,6,76.7186419579039
Wigan,Bournemouth,DW Stadium,38,720.482992059006
Wolves,Leicester,Molineux Stadium,39,158.478601484316
Chelsea,Chelsea,Stamford Bridge,12,0
Norwich,Norwich,Carrow Road,25,0
Brighton,Sunderland,Falmer Stadium (The Amex),9,1025.83640733172
Blackburn,Newcastle,Ewood Park,4,379.168423072186
Sheffield United,Aston Villa,Bramall Lane,29,224.797467593608
Bournemouth,Stoke,Dean Court (Vitality Stadium),7,571.262253159438
Swansea,QPR,Swansea.com Stadium,33,580.553661137284
Reading,Arsenal,Madejski Stadium,28,141.380232349311
Stoke,Bournemouth,Bet365 Stadium,31,571.262253159437
Bournemouth,Man City,Dean Court (Vitality Stadium),7,692.255115827263
West Ham,Burnley,London Stadium (Olympic Stadium),37,661.280451229413
Huddersfield,Everton,Kirklees Stadium (John Smith's Stadium),16,177.012917051519
Norwich,QPR,Carrow Road,25,369.855608185036
Liverpool,Sheffield United,Anfield,20,226.725925370586
Man United,Wigan,Old Trafford,22,60.0265549750729
Wigan,Hull,DW Stadium,38,340.371467701648
Cardiff,Wigan,Cardiff City Stadium (Dinas Caerdydd),11,547.487924840828
Watford,Blackburn,Vicarage Road,35,609.22598013189
Fulham,Blackpool,Craven Cottage,15,721.952035006727
Southampton,West Ham,St Mary's Stadium,30,265.662291614308
Burnley,Blackburn,Turf Moor,10,41.0705605715574
QPR,Huddersfield,Loftus Road,27,589.077705258252
Wigan,Cardiff,DW Stadium,38,547.487924840827
Cardiff,Sheffield United,Cardiff City Stadium (Dinas Caerdydd),11,552.731905232093
Chelsea,Liverpool,Stamford Bridge,12,636.43963671872
Wolves,Arsenal,Molineux Stadium,39,390.27355833486
Watford,Man City,Vicarage Road,35,538.523886604217
Newcastle,Leeds,St. James' Park,24,301.41006760668
Portsmouth,Reading,Fratton Park,26,166.795669221442
Wolves,Blackburn,Molineux Stadium,39,283.856985009964
Sheffield United,Arsenal,Bramall Lane,29,494.27895748212
Cardiff,Stoke,Cardiff City Stadium (Dinas Caerdydd),11,432.625024887407
Aston Villa,Leicester,Villa Park,2,125.112122435296
West Ham,Wolves,London Stadium (Olympic Stadium),37,402.690856405779
Brentford,Sunderland,Brentford Community Stadium,8,864.02384981603
Burnley,Birmingham,Turf Moor,10,338.174163609623
Southampton,Sunderland,St Mary's Stadium,30,984.695762276541
Blackpool,Fulham,Bloomfield Road,5,721.952035006727
Sheffield United,Reading,Bramall Lane,29,492.767734978319
Blackpool,West Ham,Bloomfield Road,5,722.352248978315
Newcastle,Aston Villa,St. James' Park,24,619.736385566063
QPR,Tottenham,Loftus Road,27,36.2537183850582
Huddersfield,Brighton,Kirklees Stadium (John Smith's Stadium),16,754.807919845298
Sheffield United,Leeds,Bramall Lane,29,105.829288875935
Hull,Arsenal,MKM Stadium,17,544.917346606931
West Ham,Bournemouth,London Stadium (Olympic Stadium),37,343.390397525632
West Brom,Birmingham,The Hawthorns,36,17.0849329383033
Burnley,Fulham,Turf Moor,10,660.880237257826
Crystal Palace,Portsmouth,Selhurst Park,13,224.151617034365
Leeds,Tottenham,Elland Road,18,591.047669198892
Blackpool,Blackpool,Bloomfield Road,5,0
Sunderland,Bournemouth,Stadium of Light,32,1037.36202008969
West Brom,QPR,The Hawthorns,36,361.233796558059
West Brom,Man United,The Hawthorns,36,242.525096508229
West Brom,Huddersfield,The Hawthorns,36,304.189347060447
Hull,Blackpool,MKM Stadium,17,400.806576000162
Hull,Sheffield United,MKM Stadium,17,201.43052750659
Sunderland,Hull,Stadium of Light,32,348.04537093413
Leeds,Fulham,Elland Road,18,611.600724107065
Brentford,Aston Villa,Brentford Community Stadium,8,352.167546937851
Arsenal,Stoke,Emirates Stadium,1,461.507911183829
Man United,Sunderland,Old Trafford,22,410.969594240981
Hull,Brighton,MKM Stadium,17,720.925974348127
Huddersfield,Swansea,Kirklees Stadium (John Smith's Stadium),16,648.168721275797
Reading,Everton,Madejski Stadium,28,583.355062969339
Bolton,Leicester,University of Bolton Stadium,6,328.309451535475
Aston Villa,Fulham,Villa Park,2,362.704557505121
Leeds,Southampton,Elland Road,18,713.229751806953
Stoke,Leeds,Bet365 Stadium,31,232.22037801227
Bournemouth,West Brom,Dean Court (Vitality Stadium),7,449.631972812221
West Brom,Portsmouth,The Hawthorns,36,461.696179409102
Bournemouth,Leeds,Dean Court (Vitality Stadium),7,762.689200163406
West Brom,Leicester,The Hawthorns,36,137.000439647651
Swansea,Fulham,Swansea.com Stadium,33,583.099694962077
Aston Villa,Hull,Villa Park,2,395.918194752871
Brentford,Man United,Brentford Community Stadium,8,583.689947372542
Sheffield United,QPR,Bramall Lane,29,500.532058147356
Stoke,West Brom,Bet365 Stadium,31,123.322143706879
Leeds,Chelsea,Elland Road,18,612.458606525817
Southampton,Swansea,St Mary's Stadium,30,478.394615355903
Hull,Blackburn,MKM Stadium,17,321.76914201609
Chelsea,Bournemouth,Stamford Bridge,12,315.128573323103
Everton,Man United,Goodison Park,14,99.767146806361
Middlesbrough,Bolton,Riverside Stadium,23,346.603754140721
Watford,Southampton,Vicarage Road,35,249.549642405832
Newcastle,Swansea,St. James' Park,24,974.395760341263
Middlesbrough,Wigan,Riverside Stadium,23,366.733969483415
Birmingham,Man City,St Andrew's (stadium),3,259.146708689547
Sunderland,Wolves,Stadium of Light,32,606.1462939652
Portsmouth,Chelsea,Fratton Park,26,216.05439542594
Chelsea,Man United,Stamford Bridge,12,591.925545904071
Newcastle,Huddersfield,St. James' Park,24,340.213767505327
West Ham,Liverpool,London Stadium (Olympic Stadium),37,635.981968271555
Man United,Cardiff,Old Trafford,22,539.042196680823
Norwich,Southampton,Carrow Road,25,603.530093121691
Cardiff,Chelsea,Cardiff City Stadium (Dinas Caerdydd),11,468.063936698503
Portsmouth,Leicester,Fratton Park,26,465.824217225508
Cardiff,Brentford,Cardiff City Stadium (Dinas Caerdydd),11,453.330834370494
West Ham,Reading,London Stadium (Olympic Stadium),37,149.556818543616
Birmingham,West Ham,St Andrew's (stadium),3,356.058095433533
Sunderland,Norwich,Stadium of Light,32,795.338236632105
Sunderland,West Ham,Stadium of Light,32,861.289440490486
West Brom,Leeds,The Hawthorns,36,336.907870500027
Wolves,Hull,Molineux Stadium,39,414.064354310309
Man United,Middlesbrough,Old Trafford,22,330.80967800433
Blackburn,Watford,Ewood Park,4,609.225980131891
Norwich,Cardiff,Carrow Road,25,757.274766173466
Man City,Norwich,Etihad Stadium,21,579.669259199696
Brentford,Wigan,Brentford Community Stadium,8,615.679643082658
Burnley,Huddersfield,Turf Moor,10,87.2308339324717
West Ham,Everton,London Stadium (Olympic Stadium),37,638.855886415504
Leicester,Newcastle,King Power Stadium,19,577.075541124346
Arsenal,Birmingham,Emirates Stadium,1,343.640797362616
Norwich,Wolves,Carrow Road,25,531.905088811305
Chelsea,Huddersfield,Stamford Bridge,12,595.699571111098
Aston Villa,Leeds,Villa Park,2,330.313909847355
Chelsea,Cardiff,Stamford Bridge,12,468.063936698503
Wigan,Norwich,DW Stadium,38,643.91021904983
Reading,Norwich,Madejski Stadium,28,470.80161634502
Aston Villa,West Brom,Villa Park,2,12.1638392312
Wigan,Burnley,DW Stadium,38,97.9947705929453
Sunderland,Bolton,Stadium of Light,32,411.549114687462
Man City,Tottenham,Etihad Stadium,21,574.708538548071
Chelsea,Tottenham,Stamford Bridge,12,36.3536940952707
Leicester,Stoke,King Power Stadium,19,181.093608077271
Hull,Wigan,MKM Stadium,17,340.371467701647
Everton,Wigan,Goodison Park,14,63.5383072760028
Liverpool,Chelsea,Anfield,20,636.439636718721
West Ham,Huddersfield,London Stadium (Olympic Stadium),37,595.241902663933
Man United,Wolves,Old Trafford,22,217.286520726437
Birmingham,Sheffield United,St Andrew's (stadium),3,234.182540788751
Norwich,Everton,Carrow Road,25,682.669293624807
Liverpool,Aston Villa,Anfield,20,290.526998358601
Swansea,Sheffield United,Swansea.com Stadium,33,608.370275980042
Blackpool,Man City,Bloomfield Road,5,154.658671483565
Arsenal,Newcastle,Emirates Stadium,1,864.137307403954
Burnley,Everton,Turf Moor,10,147.746098768504
Birmingham,Stoke,St Andrew's (stadium),3,138.153846021722
Tottenham,Leeds,White Hart Lane,34,591.047669198893
Everton,Hull,Goodison Park,14,382.4909648589
Norwich,Middlesbrough,Carrow Road,25,708.30897430161
Crystal Palace,Blackpool,Selhurst Park,13,744.411277174233
Brighton,Reading,Falmer Stadium (The Amex),9,222.85887820652
Everton,Blackpool,Goodison Park,14,136.810294605815
Bolton,Middlesbrough,University of Bolton Stadium,6,346.60375414072
Reading,QPR,Madejski Stadium,28,118.661479211901
QPR,Watford,Loftus Road,27,48.3898352470233
Fulham,West Brom,Craven Cottage,15,368.403290015177
Bournemouth,Wolves,Dean Court (Vitality Stadium),7,478.04776064242
Blackpool,Newcastle,Bloomfield Road,5,403.732585408976
Brighton,Bournemouth,Falmer Stadium (The Amex),9,291.485841828749
Fulham,Southampton,Craven Cottage,15,235.152720222885
West Brom,Hull,The Hawthorns,36,405.241786461531
Man City,Birmingham,Etihad Stadium,21,259.146708689547
Chelsea,Blackburn,Stamford Bridge,12,659.895111257072
Cardiff,Fulham,Cardiff City Stadium (Dinas Caerdydd),11,465.465419841605
Leicester,West Brom,King Power Stadium,19,137.000439647651
Brighton,Brentford,Falmer Stadium (The Amex),9,168.168298859681
Bournemouth,Wigan,Dean Court (Vitality Stadium),7,720.482992059007
West Brom,Blackburn,The Hawthorns,36,309.095560791755
Brentford,Swansea,Brentford Community Stadium,8,570.965109490964
Chelsea,Swansea,Stamford Bridge,12,585.698211818974
Birmingham,Leicester,St Andrew's (stadium),3,126.493857007345
Liverpool,Tottenham,Anfield,20,621.955157537393
Brentford,Birmingham,Brentford Community Stadium,8,343.070888027281
Stoke,Arsenal,Bet365 Stadium,31,461.507911183829
Wigan,Tottenham,DW Stadium,38,609.430762432859
Brentford,Leicester,Brentford Community Stadium,8,303.11374644016
Hull,Stoke,MKM Stadium,17,362.11541197678
Tottenham,Portsmouth,White Hart Lane,34,252.370622098197
Fulham,Watford,Craven Cottage,15,54.1538186811169
Tottenham,Cardiff,White Hart Lane,34,497.377750119448
Man United,West Brom,Old Trafford,22,242.525096508229
Watford,Burnley,Vicarage Road,35,611.068988551396
Middlesbrough,Cardiff,Riverside Stadium,23,853.201379154471
Brentford,Middlesbrough,Brentford Community Stadium,8,783.86393357938
Blackburn,Norwich,Ewood Park,4,652.885181099377
QPR,Birmingham,Loftus Road,27,346.438405137432
Arsenal,Fulham,Emirates Stadium,1,27.5515154789775
Man United,Man United,Old Trafford,22,0
Arsenal,Aston Villa,Emirates Stadium,1,351.803459085984
Sunderland,Man City,Stadium of Light,32,400.891962633851
Cardiff,Bournemouth,Cardiff City Stadium (Dinas Caerdydd),11,362.83031564821
Man City,Swansea,Etihad Stadium,21,571.700436232112
Liverpool,Hull,Anfield,20,385.368256013081
Swansea,Man United,Swansea.com Stadium,33,557.659012926397
Arsenal,Arsenal,Emirates Stadium,1,0
Newcastle,Blackpool,St. James' Park,24,403.732585408976
Cardiff,Portsmouth,Cardiff City Stadium (Dinas Caerdydd),11,420.811764235017
Blackburn,Sheffield United,Ewood Park,4,192.900519572445
Blackpool,Southampton,Bloomfield Road,5,787.547406207293
Hull,Man City,MKM Stadium,17,285.393643249712
Aston Villa,Blackpool,Villa Park,2,376.897279065361
Southampton,Arsenal,St Mary's Stadium,30,258.06840563262
Cardiff,Man City,Cardiff City Stadium (Dinas Caerdydd),11,551.072175980878
Aston Villa,Brighton,Villa Park,2,512.561097152965
Bolton,Southampton,University of Bolton Stadium,6,696.34581077838
Swansea,Portsmouth,Swansea.com Stadium,33,538.446039355488
Newcastle,Crystal Palace,St. James' Park,24,901.602659414026
Brentford,Southampton,Brentford Community Stadium,8,225.242489762395
Portsmouth,Hull,Fratton Park,26,762.410969294652
Leeds,Norwich,Elland Road,18,544.564620875903
Wigan,Watford,DW Stadium,38,573.246110489006
Huddersfield,Wolves,Kirklees Stadium (John Smith's Stadium),16,278.950771278656
Birmingham,Fulham,St Andrew's (stadium),3,353.607898594551
Portsmouth,Bournemouth,Fratton Park,26,150.463452096542
Fulham,Wigan,Craven Cottage,15,623.057359195435
Hull,Cardiff,MKM Stadium,17,723.039700587388
Tottenham,Brentford,White Hart Lane,34,44.9615756591491
Fulham,Tottenham,Craven Cottage,15,40.7540979462828
Blackburn,Crystal Palace,Ewood Park,4,681.496471005826
Everton,Portsmouth,Goodison Park,14,740.865639700762
Arsenal,West Brom,Emirates Stadium,1,359.041328809613
Stoke,Newcastle,Bet365 Stadium,31,527.89914761695
Stoke,Reading,Bet365 Stadium,31,425.421859831778
Leicester,Birmingham,King Power Stadium,19,126.493857007345
Stoke,Cardiff,Bet365 Stadium,31,432.625024887407
Man City,Cardiff,Etihad Stadium,21,551.072175980878
Blackburn,Fulham,Ewood Park,4,659.037228838321
Sheffield United,Leicester,Bramall Lane,29,197.439239390131
Wolves,Sheffield United,Molineux Stadium,39,232.046592929315
Fulham,Swansea,Craven Cottage,15,583.099694962076
Sheffield United,Swansea,Bramall Lane,29,608.370275980043
Blackpool,Portsmouth,Bloomfield Road,5,831.441874467179
Leicester,Southampton,King Power Stadium,19,421.929748965622
Liverpool,Middlesbrough,Anfield,20,417.402962990612
Southampton,Everton,St Mary's Stadium,30,689.187928353406
Norwich,Leicester,Carrow Road,25,375.984346527891
Bolton,Newcastle,University of Bolton Stadium,6,419.471484313721
Huddersfield,Middlesbrough,Kirklees Stadium (John Smith's Stadium),16,247.494577484176
Aston Villa,Birmingham,Villa Park,2,10.7810604018766
Stoke,Sunderland,Bet365 Stadium,31,519.136815005432
Portsmouth,Stoke,Fratton Park,26,583.326459756317
Crystal Palace,Blackburn,Selhurst Park,13,681.496471005825
Hull,Huddersfield,MKM Stadium,17,209.959744477848
Swansea,Tottenham,Swansea.com Stadium,33,615.01202523992
Middlesbrough,Fulham,Riverside Stadium,23,786.992027168655
Fulham,Fulham,Craven Cottage,15,0
Portsmouth,West Ham,Fratton Park,26,245.212929757697
Watford,Wolves,Vicarage Road,35,350.60189251926
Aston Villa,Sunderland,Villa Park,2,605.426857752637
Cardiff,Huddersfield,Cardiff City Stadium (Dinas Caerdydd),11,613.971773360592
Man United,QPR,Old Trafford,22,585.303680051226
Portsmouth,Watford,Fratton Park,26,241.031176425364
Crystal Palace,Crystal Palace,Selhurst Park,13,0
Portsmouth,Everton,Fratton Park,26,740.865639700762
Fulham,Reading,Craven Cottage,15,121.207513036694
Sheffield United,Liverpool,Bramall Lane,29,226.725925370586
West Ham,Tottenham,London Stadium (Olympic Stadium),37,18.3877790781768
Newcastle,QPR,St. James' Park,24,875.697487784638
Tottenham,Bournemouth,White Hart Lane,34,347.75301810458
Tottenham,Birmingham,White Hart Lane,34,342.03128469937
Stoke,West Ham,Bet365 Stadium,31,473.925209254747
Hull,Wolves,MKM Stadium,17,414.06435431031
Man City,Southampton,Etihad Stadium,21,660.424854164256
Sheffield United,Brighton,Bramall Lane,29,666.262272734401
Bolton,Crystal Palace,University of Bolton Stadium,6,653.20968174532
West Brom,Chelsea,The Hawthorns,36,370.951028303759
Watford,Swansea,Vicarage Road,35,564.592827025388
Chelsea,Leeds,Stamford Bridge,12,612.458606525817
Newcastle,Sunderland,St. James' Park,24,38.6277757600963
Blackburn,Reading,Ewood Park,4,611.195276916656
Huddersfield,Watford,Kirklees Stadium (John Smith's Stadium),16,545.030439985917
West Brom,Burnley,The Hawthorns,36,323.34246129478
Everton,Brighton,Goodison Park,14,797.823313147799
Norwich,Arsenal,Carrow Road,25,348.599561803131
Burnley,QPR,Turf Moor,10,655.116253823733
Burnley,West Ham,Turf Moor,10,661.280451229414
Leicester,Huddersfield,King Power Stadium,19,285.984886501028
Cardiff,Wolves,Cardiff City Stadium (Dinas Caerdydd),11,335.021002081937
Burnley,Wolves,Turf Moor,10,298.103885512988
Arsenal,Man City,Emirates Stadium,1,576.318051211318
Liverpool,Watford,Anfield,20,585.770505593539
Watford,West Brom,Vicarage Road,35,319.369662994012
Crystal Palace,Wolves,Selhurst Park,13,424.749884601695
Watford,Blackpool,Vicarage Road,35,672.140786300298
Portsmouth,Blackpool,Fratton Park,26,831.44187446718
Watford,Portsmouth,Vicarage Road,35,241.031176425364
Huddersfield,Stoke,Kirklees Stadium (John Smith's Stadium),16,191.941292318888
Leicester,Aston Villa,King Power Stadium,19,125.112122435296
QPR,Burnley,Loftus Road,27,655.116253823732
Tottenham,Aston Villa,White Hart Lane,34,350.193946422738
Newcastle,Tottenham,St. James' Park,24,857.242519956855
Portsmouth,Wolves,Fratton Park,26,492.92840893435
Southampton,Sheffield United,St Mary's Stadium,30,607.713309553207
Crystal Palace,Reading,Selhurst Park,13,142.095467394256
Brighton,Watford,Falmer Stadium (The Amex),9,214.162865994158
Leicester,Norwich,King Power Stadium,19,375.984346527892
Huddersfield,Blackpool,Kirklees Stadium (John Smith's Stadium),16,203.330962343241
Arsenal,Chelsea,Emirates Stadium,1,23.1511116279654
Watford,West Ham,Vicarage Road,35,65.9707114013338
Wigan,Crystal Palace,DW Stadium,38,645.51660136294
Tottenham,Fulham,White Hart Lane,34,40.7540979462828
Leeds,Reading,Elland Road,18,598.284177232065
Brighton,Everton,Falmer Stadium (The Amex),9,797.823313147797
Bolton,Norwich,University of Bolton Stadium,6,630.178069263632
Watford,Liverpool,Vicarage Road,35,585.770505593538
Bournemouth,Watford,Dean Court (Vitality Stadium),7,327.277748317156
Cardiff,Watford,Cardiff City Stadium (Dinas Caerdydd),11,461.054960525883
Arsenal,Wigan,Emirates Stadium,1,611.040275096106
Newcastle,Brentford,St. James' Park,24,878.333377629456
Bolton,Sheffield United,University of Bolton Stadium,6,170.193407736702
Wigan,Portsmouth,DW Stadium,38,732.547198655887
Sunderland,Stoke,Stadium of Light,32,519.136815005432
West Ham,West Brom,London Stadium (Olympic Stadium),37,371.458626880531
Huddersfield,West Ham,Kirklees Stadium (John Smith's Stadium),16,595.241902663934
Chelsea,Crystal Palace,Stamford Bridge,12,27.1336276119295
Brentford,Stoke,Brentford Community Stadium,8,466.147279170381
West Ham,Chelsea,London Stadium (Olympic Stadium),37,30.2272138455155
Blackpool,Leeds,Bloomfield Road,5,228.139822270645
Chelsea,Brighton,Stamford Bridge,12,160.642750396257
Hull,Swansea,MKM Stadium,17,783.964756856235
Wigan,West Brom,DW Stadium,38,272.542882606449
Chelsea,Wigan,Stamford Bridge,12,623.915241614188
Man United,Arsenal,Old Trafford,22,579.05057938599
Wolves,Birmingham,Molineux Stadium,39,48.3171624635512
Crystal Palace,Southampton,Selhurst Park,13,246.040333622125
Stoke,Sheffield United,Bet365 Stadium,31,161.90039127204
Everton,QPR,Goodison Park,14,632.691689009823
West Ham,QPR,London Stadium (Olympic Stadium),37,32.473798018727
Wigan,Swansea,DW Stadium,38,557.743227854104
Man City,Arsenal,Etihad Stadium,21,576.318051211317
Burnley,Aston Villa,Turf Moor,10,328.802181942401
Sheffield United,Everton,Bramall Lane,29,223.848634216404
QPR,Brighton,Loftus Road,27,169.878068100109
Wigan,Blackpool,DW Stadium,38,102.586601477019
Birmingham,Man United,St Andrew's (stadium),3,257.356798823073
Tottenham,Norwich,White Hart Lane,34,336.565409109501
Man United,Southampton,Old Trafford,22,658.634944297782
Middlesbrough,West Ham,Riverside Stadium,23,781.129524253835
West Brom,Tottenham,The Hawthorns,36,357.431816146367
Cardiff,Burnley,Cardiff City Stadium (Dinas Caerdydd),11,621.387614972171
Stoke,Watford,Bet365 Stadium,31,423.713746576729
Burnley,Liverpool,Turf Moor,10,150.623389922685
Cardiff,QPR,Cardiff City Stadium (Dinas Caerdydd),11,462.919386016812
Norwich,Huddersfield,Carrow Road,25,547.076830352682
Liverpool,Sunderland,Anfield,20,481.427100261614
Bolton,Liverpool,University of Bolton Stadium,6,79.0839692429963
Blackburn,Blackburn,Ewood Park,4,0
Blackburn,West Ham,Ewood Park,4,659.437442809909
Reading,Bolton,Madejski Stadium,28,582.335679113727
Sunderland,Blackpool,Stadium of Light,32,402.562880540227
Newcastle,Bolton,St. James' Park,24,419.471484313722
Burnley,Newcastle,Turf Moor,10,344.192233806807
Aston Villa,Man City,Villa Park,2,249.774727022325
Man City,Huddersfield,Etihad Stadium,21,81.494674126297
Middlesbrough,Sunderland,Riverside Stadium,23,95.562557197684
Leeds,Sheffield United,Elland Road,18,105.829288875935
Swansea,Huddersfield,Swansea.com Stadium,33,648.168721275796
Leeds,Sunderland,Elland Road,18,288.50740962984
Huddersfield,Bolton,Kirklees Stadium (John Smith's Stadium),16,114.134963225731
Cardiff,Crystal Palace,Cardiff City Stadium (Dinas Caerdydd),11,489.404251654288
Bournemouth,QPR,Dean Court (Vitality Stadium),7,314.04858806838
Liverpool,Everton,Anfield,20,3.14241454383003
Leeds,Birmingham,Elland Road,18,339.698983042497
Leicester,Tottenham,King Power Stadium,19,296.864865790363
West Ham,Norwich,London Stadium (Olympic Stadium),37,342.483755101164
Swansea,Cardiff,Swansea.com Stadium,33,127.677871809202
West Brom,Bournemouth,The Hawthorns,36,449.631972812221
Bolton,QPR,University of Bolton Stadium,6,624.986456143721
QPR,Man City,Loftus Road,27,582.571151876553
Blackburn,Southampton,Ewood Park,4,725.205408581309
Crystal Palace,Tottenham,Selhurst Park,13,49.504390385627
Chelsea,Aston Villa,Stamford Bridge,12,364.678425604066
QPR,Swansea,Loftus Road,27,580.553661137284
QPR,West Brom,Loftus Road,27,361.233796558059
Birmingham,Blackpool,St Andrew's (stadium),3,386.269260732584
Brighton,Wigan,Falmer Stadium (The Amex),9,783.023590348386
Blackpool,Watford,Bloomfield Road,5,672.140786300298
Leicester,Fulham,King Power Stadium,19,310.491462552938
Middlesbrough,Crystal Palace,Riverside Stadium,23,807.13321536395
Brentford,Wolves,Brentford Community Stadium,8,389.098508973156
Middlesbrough,Bournemouth,Riverside Stadium,23,957.202103853044
West Ham,Birmingham,London Stadium (Olympic Stadium),37,356.058095433534
Leeds,Burnley,Elland Road,18,112.039693859876
Sunderland,QPR,Stadium of Light,32,861.387959971212
Chelsea,Reading,Stamford Bridge,12,123.806029893592
Bournemouth,Arsenal,Dean Court (Vitality Stadium),7,335.796511543944
Hull,Aston Villa,MKM Stadium,17,395.918194752872
Wolves,Southampton,Molineux Stadium,39,448.881808637604
Sheffield United,Wigan,Bramall Lane,29,184.108042385116
Aston Villa,Wigan,Villa Park,2,278.00260325407
Swansea,Stoke,Swansea.com Stadium,33,461.786100245314
Swansea,Bolton,Swansea.com Stadium,33,566.119374179897
Southampton,Burnley,St Mary's Stadium,30,738.916111580533
QPR,Middlesbrough,Loftus Road,27,781.228043734561
Southampton,Bournemouth,St Mary's Stadium,30,90.4120280969572
Reading,Portsmouth,Madejski Stadium,28,166.795669221442
Leeds,Blackburn,Elland Road,18,149.102388286573
Blackpool,Burnley,Bloomfield Road,5,119.51282542158
Cardiff,Leeds,Cardiff City Stadium (Dinas Caerdydd),11,654.250859053974
Everton,Cardiff,Goodison Park,14,525.288426468064
Norwich,Swansea,Carrow Road,25,848.506289180876
Sunderland,Tottenham,Stadium of Light,32,842.932992143429
Huddersfield,Man United,Kirklees Stadium (John Smith's Stadium),16,92.5426272228535
Man City,Burnley,Etihad Stadium,21,81.582846706916
Tottenham,Blackburn,White Hart Lane,34,645.410632075744
Blackpool,Bolton,Bloomfield Road,5,102.371781204295
West Ham,Aston Villa,London Stadium (Olympic Stadium),37,364.220757156902
Man United,Aston Villa,Old Trafford,22,247.98481715585
Blackburn,Swansea,Ewood Park,4,605.244094009309
QPR,Bournemouth,Loftus Road,27,314.04858806838
Leicester,Brighton,King Power Stadium,19,470.457693705889
Sunderland,Fulham,Stadium of Light,32,867.151943405305
Everton,Everton,Goodison Park,14,0
Brentford,Blackburn,Brentford Community Stadium,8,651.659512725542
Aston Villa,Huddersfield,Villa Park,2,307.006617050505
Portsmouth,Norwich,Fratton Park,26,584.111943355824
QPR,Southampton,Loftus Road,27,236.320482157056
Brighton,Middlesbrough,Falmer Stadium (The Amex),9,945.676491095073
Brighton,West Ham,Falmer Stadium (The Amex),9,179.793192571568
Aston Villa,Brentford,Villa Park,2,352.167546937851
Portsmouth,Sunderland,Fratton Park,26,1028.59023053643
Tottenham,Man United,White Hart Lane,34,577.441066722744
Chelsea,Southampton,Stamford Bridge,12,237.400467411779
Newcastle,Man United,St. James' Park,24,419.731926852499
Aston Villa,Watford,Villa Park,2,313.670930483956
Wigan,Aston Villa,DW Stadium,38,278.00260325407
Bolton,Bolton,University of Bolton Stadium,6,0
Southampton,Wolves,St Mary's Stadium,30,448.881808637604
Hull,Birmingham,MKM Stadium,17,400.584624758379
Blackburn,Man United,Ewood Park,4,72.0359773852086
Aston Villa,Liverpool,Villa Park,2,290.526998358602
Sheffield United,Sunderland,Bramall Lane,29,384.990514036243
Leicester,QPR,King Power Stadium,19,304.727479118844
Sunderland,Aston Villa,Stadium of Light,32,605.426857752637
Watford,Bournemouth,Vicarage Road,35,327.277748317156
Swansea,West Ham,Swansea.com Stadium,33,611.449000468999
Chelsea,Hull,Stamford Bridge,12,562.592827332361
Brighton,Sheffield United,Falmer Stadium (The Amex),9,666.262272734401
Huddersfield,Sheffield United,Kirklees Stadium (John Smith's Stadium),16,88.9049990881607
Wigan,Brighton,DW Stadium,38,783.023590348387
Birmingham,Tottenham,St Andrew's (stadium),3,342.03128469937
Brentford,Reading,Brentford Community Stadium,8,108.58672925328
Man City,West Brom,Etihad Stadium,21,244.315006374704
Blackpool,Hull,Bloomfield Road,5,400.806576000163
Huddersfield,Norwich,Kirklees Stadium (John Smith's Stadium),16,547.076830352682
Wolves,Crystal Palace,Molineux Stadium,39,424.749884601695
Chelsea,Bolton,Stamford Bridge,12,631.608321996567
Cardiff,Aston Villa,Cardiff City Stadium (Dinas Caerdydd),11,330.698054061121
Blackpool,Birmingham,Bloomfield Road,5,386.269260732584
Blackpool,Crystal Palace,Bloomfield Road,5,744.411277174233
Chelsea,Watford,Stamford Bridge,12,55.9739881859765
Huddersfield,Bournemouth,Kirklees Stadium (John Smith's Stadium),16,745.718405020555
Chelsea,West Brom,Stamford Bridge,12,370.951028303759
Reading,West Brom,Madejski Stadium,28,303.791579484563
Everton,Crystal Palace,Goodison Park,14,660.914914611422
Brentford,Leeds,Brentford Community Stadium,8,604.223007994288
Liverpool,Newcastle,Anfield,20,482.596805130363
Sheffield United,Brentford,Bramall Lane,29,498.918325468672
Sunderland,Birmingham,Stadium of Light,32,614.811930947779
Sheffield United,Man City,Bramall Lane,29,116.761806871524
Birmingham,Hull,St Andrew's (stadium),3,400.584624758379
Blackburn,Sunderland,Ewood Park,4,371.246053445926
Crystal Palace,West Ham,Selhurst Park,13,41.2499168404447
Portsmouth,Cardiff,Fratton Park,26,420.811764235016
Arsenal,Bolton,Emirates Stadium,1,618.733355478485
Hull,West Ham,MKM Stadium,17,556.379007506889
Liverpool,Stoke,Anfield,20,168.510066121488
Crystal Palace,Man City,Selhurst Park,13,610.794377478153
Huddersfield,Liverpool,Kirklees Stadium (John Smith's Stadium),16,179.8902082057
Bournemouth,Norwich,Dean Court (Vitality Stadium),7,681.258199033015
Portsmouth,Arsenal,Fratton Park,26,239.168039630892
Bolton,Portsmouth,University of Bolton Stadium,6,740.240279038266
Arsenal,Sheffield United,Emirates Stadium,1,494.27895748212
Tottenham,Arsenal,White Hart Lane,34,13.6565790597987
Crystal Palace,Hull,Selhurst Park,13,582.382698617003
Everton,Man City,Goodison Park,14,110.273920335507
Norwich,Sunderland,Carrow Road,25,795.338236632107
Portsmouth,Liverpool,Fratton Park,26,740.581772113512
Blackpool,Wolves,Bloomfield Road,5,346.198982635949
Reading,Sheffield United,Madejski Stadium,28,492.767734978319
Blackburn,Bournemouth,Ewood Park,4,757.035670244314
Crystal Palace,Bournemouth,Selhurst Park,13,323.76843953345
West Brom,West Brom,The Hawthorns,36,0
QPR,Leicester,Loftus Road,27,304.727479118845
Fulham,Newcastle,Craven Cottage,15,881.461471218731
Chelsea,QPR,Stamford Bridge,12,10.0785896445805
Norwich,Birmingham,Carrow Road,25,494.994601520601
Brighton,Birmingham,Falmer Stadium (The Amex),9,503.464438242396
Southampton,Blackburn,St Mary's Stadium,30,725.205408581308
Portsmouth,Brentford,Fratton Park,26,211.651681958506
Man City,West Ham,Etihad Stadium,21,588.735349282235
Huddersfield,Chelsea,Kirklees Stadium (John Smith's Stadium),16,595.699571111099
Birmingham,Wigan,St Andrew's (stadium),3,287.374584921292
Brentford,Bournemouth,Brentford Community Stadium,8,302.970595673719
Man City,Stoke,Etihad Stadium,21,127.318325751979
Fulham,Brighton,Craven Cottage,15,161.76600364861
Stoke,Hull,Bet365 Stadium,31,362.11541197678
Liverpool,QPR,Anfield,20,629.817770865875
Portsmouth,Huddersfield,Fratton Park,26,740.15342492399
Stoke,Bolton,Bet365 Stadium,31,163.678751399335
Blackburn,Bolton,Ewood Park,4,48.1623916626156
QPR,Reading,Loftus Road,27,118.661479211901
Birmingham,Arsenal,St Andrew's (stadium),3,343.640797362616
Bolton,Hull,University of Bolton Stadium,6,319.613011033111
Cardiff,Sunderland,Cardiff City Stadium (Dinas Caerdydd),11,933.361295391123
Middlesbrough,Aston Villa,Riverside Stadium,23,525.266941515987
West Ham,Watford,London Stadium (Olympic Stadium),37,65.9707114013338
Swansea,Wolves,Swansea.com Stadium,33,380.350045923712
Southampton,Birmingham,St Mary's Stadium,30,403.006319728589
Crystal Palace,Middlesbrough,Selhurst Park,13,807.133215363949
Swansea,Aston Villa,Swansea.com Stadium,33,389.98043652699
Man United,Watford,Old Trafford,22,541.25641477889
Watford,Sunderland,Vicarage Road,35,821.590317222378
Leeds,Leicester,Elland Road,18,302.743921915746
Brighton,Bolton,Falmer Stadium (The Amex),9,790.716670730765
Brentford,Brighton,Brentford Community Stadium,8,168.168298859681
Man United,West Ham,Old Trafford,22,591.467877456908
Liverpool,Burnley,Anfield,20,150.623389922685
Wigan,West Ham,DW Stadium,38,623.457573167023
Southampton,Liverpool,St Mary's Stadium,30,688.904060766155
Huddersfield,Newcastle,Kirklees Stadium (John Smith's Stadium),16,340.213767505327
Crystal Palace,Sunderland,Selhurst Park,13,887.2931316006
Leeds,Everton,Elland Road,18,213.104555423246
Southampton,Middlesbrough,St Mary's Stadium,30,904.535846039891
Birmingham,Bournemouth,St Andrew's (stadium),3,434.836581391594
Wolves,Liverpool,Molineux Stadium,39,250.525649647921
Burnley,Leeds,Turf Moor,10,112.039693859876
Stoke,Crystal Palace,Bet365 Stadium,31,495.984237450664
Southampton,Fulham,St Mary's Stadium,30,235.152720222885
West Brom,Southampton,The Hawthorns,36,417.801711149216
Watford,Leicester,Vicarage Road,35,260.680213846509
Man City,Watford,Etihad Stadium,21,538.523886604218
Portsmouth,QPR,Fratton Park,26,221.211484360156
Leicester,Wolves,King Power Stadium,19,158.478601484316
Birmingham,Chelsea,St Andrew's (stadium),3,356.155636883132
Newcastle,Reading,St. James' Park,24,884.05971551508
Liverpool,Southampton,Anfield,20,688.904060766155
Fulham,Sheffield United,Craven Cottage,15,506.29604158145
Leicester,Watford,King Power Stadium,19,260.680213846509
Man City,Leeds,Etihad Stadium,21,119.310929984015
Bolton,Brighton,University of Bolton Stadium,6,790.716670730766
Liverpool,Bolton,Anfield,20,79.0839692429963
Southampton,Blackpool,St Mary's Stadium,30,787.547406207294
Man City,Leicester,Etihad Stadium,21,282.965836343296
Middlesbrough,Newcastle,Riverside Stadium,23,122.005034911145
Huddersfield,Birmingham,Kirklees Stadium (John Smith's Stadium),16,316.391690245647
Reading,Southampton,Madejski Stadium,28,145.036625273581
West Brom,Stoke,The Hawthorns,36,123.322143706879
Bournemouth,West Ham,Dean Court (Vitality Stadium),7,343.390397525632
Fulham,West Ham,Craven Cottage,15,34.6276176965276
Chelsea,Sheffield United,Stamford Bridge,12,507.153924000202
QPR,Wigan,Loftus Road,27,617.293375761342
Newcastle,Norwich,St. James' Park,24,810.759471633866
Blackpool,QPR,Bloomfield Road,5,716.188051572634
Tottenham,Middlesbrough,White Hart Lane,34,762.773075906779
Blackburn,Birmingham,Ewood Park,4,323.927263106599
Birmingham,QPR,St Andrew's (stadium),3,346.438405137433
Man City,Portsmouth,Etihad Stadium,21,704.319322424142
Tottenham,Tottenham,White Hart Lane,34,0
Norwich,Wigan,Carrow Road,25,643.910219049831
Hull,Watford,MKM Stadium,17,522.211787621618
Burnley,Sunderland,Turf Moor,10,336.269864180547
Tottenham,Leicester,White Hart Lane,34,296.864865790362
West Brom,West Ham,The Hawthorns,36,371.45862688053
Tottenham,Man City,White Hart Lane,34,574.708538548072
Man City,Bournemouth,Etihad Stadium,21,692.255115827261
Blackburn,Stoke,Ewood Park,4,192.538349202262
QPR,Brentford,Loftus Road,27,11.2571456229489
Sunderland,Southampton,Stadium of Light,32,984.695762276541
Hull,Burnley,MKM Stadium,17,284.706447589393
West Ham,Stoke,London Stadium (Olympic Stadium),37,473.925209254747
Wolves,Tottenham,Molineux Stadium,39,388.664045671615
Everton,Bournemouth,Goodison Park,14,718.353880358223
Sunderland,Middlesbrough,Stadium of Light,32,95.562557197684
Bournemouth,Bolton,Dean Court (Vitality Stadium),7,728.176072441386
Brighton,Blackpool,Falmer Stadium (The Amex),9,881.918266159678
Tottenham,Everton,White Hart Lane,34,624.829075681341
Everton,Fulham,Goodison Park,14,638.455672443917
Burnley,Bournemouth,Turf Moor,10,771.282570747336
West Ham,Cardiff,London Stadium (Olympic Stadium),37,493.814725348527
Man United,Burnley,Old Trafford,22,84.8447759763239
Chelsea,West Ham,Stamford Bridge,12,30.2272138455155
Burnley,Swansea,Turf Moor,10,631.642917985446
Man City,Brighton,Etihad Stadium,21,748.301366463598
Bournemouth,Bournemouth,Dean Court (Vitality Stadium),7,0
Arsenal,Huddersfield,Emirates Stadium,1,582.824604593017
Wigan,Brentford,DW Stadium,38,615.679643082658
Newcastle,Arsenal,St. James' Park,24,864.137307403953
Newcastle,Fulham,St. James' Park,24,881.461471218732
West Brom,Crystal Palace,The Hawthorns,36,393.517655076447
Tottenham,Huddersfield,White Hart Lane,34,581.215091929771
Newcastle,Bournemouth,St. James' Park,24,1051.67154790312
Liverpool,Birmingham,Anfield,20,297.565920915776
Tottenham,Brighton,White Hart Lane,34,188.047666116751
Portsmouth,Man United,Fratton Park,26,702.529412557668
Chelsea,Newcastle,Stamford Bridge,12,881.812788129385
Blackburn,Arsenal,Ewood Park,4,647.020144738992
Cardiff,Reading,Cardiff City Stadium (Dinas Caerdydd),11,352.044534145651
Bolton,West Ham,University of Bolton Stadium,6,631.150653549402
Burnley,Arsenal,Turf Moor,10,648.863153158497
Swansea,Everton,Swansea.com Stadium,33,508.942481944862
Blackburn,Leicester,Ewood Park,4,353.69255450713
Norwich,Man United,Carrow Road,25,588.038575407279
Man City,Hull,Etihad Stadium,21,285.393643249712
Man City,Sheffield United,Etihad Stadium,21,116.761806871524
Crystal Palace,Chelsea,Selhurst Park,13,27.1336276119295
Arsenal,Leicester,Emirates Stadium,1,298.474378453608
Reading,Sunderland,Madejski Stadium,28,869.750187701654
Middlesbrough,Blackburn,Riverside Stadium,23,309.809759462027
Birmingham,Swansea,St Andrew's (stadium),3,388.25857563624
Crystal Palace,Leicester,Selhurst Park,13,332.950704720443
Brentford,Sheffield United,Brentford Community Stadium,8,498.918325468672
Cardiff,Everton,Cardiff City Stadium (Dinas Caerdydd),11,525.288426468064
Swansea,Man City,Swansea.com Stadium,33,571.700436232111
Newcastle,West Ham,St. James' Park,24,875.598968303912
Watford,Brighton,Vicarage Road,35,214.162865994158
Portsmouth,Portsmouth,Fratton Park,26,0
Leeds,Brentford,Elland Road,18,604.223007994287
Leicester,Leicester,King Power Stadium,19,0
Reading,Aston Villa,Madejski Stadium,28,298.092846974506
Aston Villa,Middlesbrough,Villa Park,2,525.266941515986
Sunderland,Watford,Stadium of Light,32,821.590317222378
Man City,Everton,Etihad Stadium,21,110.273920335507
Huddersfield,Reading,Kirklees Stadium (John Smith's Stadium),16,581.313382089216
Brighton,Arsenal,Falmer Stadium (The Amex),9,177.108190350687
Middlesbrough,Tottenham,Riverside Stadium,23,762.773075906778
Aston Villa,Bournemouth,Villa Park,2,443.933240302164
Burnley,Bolton,Turf Moor,10,76.7186419579039
Fulham,Everton,Craven Cottage,15,638.455672443916
Wolves,Leeds,Molineux Stadium,39,319.229856972037
Arsenal,Blackburn,Emirates Stadium,1,647.02014473899
Bournemouth,Huddersfield,Dean Court (Vitality Stadium),7,745.718405020556
Tottenham,Sunderland,White Hart Lane,34,842.932992143429
Newcastle,Leicester,St. James' Park,24,577.075541124346
West Brom,Bolton,The Hawthorns,36,280.235962988828
Bournemouth,Man United,Dean Court (Vitality Stadium),7,690.465205960787
Wolves,Aston Villa,Molineux Stadium,39,43.3960687564479
Middlesbrough,Burnley,Riverside Stadium,23,274.5140207707
Bolton,Blackburn,University of Bolton Stadium,6,48.1623916626156
Hull,West Brom,MKM Stadium,17,405.241786461531
Man United,Fulham,Old Trafford,22,591.067663485319
Leicester,Bolton,King Power Stadium,19,328.309451535475
Man City,Fulham,Etihad Stadium,21,588.335135310647
Arsenal,Brentford,Emirates Stadium,1,33.0050690985129
Wolves,West Brom,Molineux Stadium,39,31.2322295252479
Man United,Huddersfield,Old Trafford,22,92.5426272228535
Birmingham,Cardiff,St Andrew's (stadium),3,324.270956241038
Wigan,Leicester,DW Stadium,38,333.376032410019
Huddersfield,Aston Villa,Kirklees Stadium (John Smith's Stadium),16,307.006617050505
Reading,Cardiff,Madejski Stadium,28,352.044534145651
Southampton,Cardiff,St Mary's Stadium,30,360.760340235432
Cardiff,Birmingham,Cardiff City Stadium (Dinas Caerdydd),11,324.270956241038
Stoke,Man City,Bet365 Stadium,31,127.318325751979
Bournemouth,Crystal Palace,Dean Court (Vitality Stadium),7,323.76843953345
Blackpool,Man United,Bloomfield Road,5,147.378946356993
Bolton,Huddersfield,University of Bolton Stadium,6,114.134963225731
Stoke,Brentford,Bet365 Stadium,31,466.147279170381
QPR,Man United,Loftus Road,27,585.303680051225
Tottenham,Hull,White Hart Lane,34,538.022559159832
Liverpool,Cardiff,Anfield,20,525.004558880813
Portsmouth,Wigan,Fratton Park,26,732.547198655888
Leicester,West Ham,King Power Stadium,19,310.891676524526
Leicester,Liverpool,King Power Stadium,19,345.900427514552
Reading,Man City,Madejski Stadium,28,545.892716575031
Arsenal,Reading,Emirates Stadium,1,141.380232349311
Man United,Tottenham,Old Trafford,22,577.441066722744
Tottenham,Wigan,White Hart Lane,34,609.43076243286
Burnley,Leicester,Turf Moor,10,353.119248288723
Brighton,Leicester,Falmer Stadium (The Amex),9,470.457693705889
Leeds,Man United,Elland Road,18,129.388561591145
Norwich,Blackpool,Carrow Road,25,729.104711395438
Man City,Wigan,Etihad Stadium,21,70.1321172423462
Liverpool,Liverpool,Anfield,20,0
Newcastle,Hull,St. James' Park,24,374.487848647591
Burnley,West Brom,Turf Moor,10,323.34246129478
Man City,Crystal Palace,Etihad Stadium,21,610.794377478152
Aston Villa,Chelsea,Villa Park,2,364.678425604066
Crystal Palace,Newcastle,Selhurst Park,13,901.602659414026
Newcastle,Cardiff,St. James' Park,24,947.670823204548
Wigan,Middlesbrough,DW Stadium,38,366.733969483414
Everton,Reading,Goodison Park,14,583.355062969339
Swansea,Wigan,Swansea.com Stadium,33,557.743227854104
Cardiff,Arsenal,Cardiff City Stadium (Dinas Caerdydd),11,485.638139154223
Liverpool,Reading,Anfield,20,583.071195382089
Brighton,Norwich,Falmer Stadium (The Amex),9,506.039906074789
Middlesbrough,Huddersfield,Riverside Stadium,23,247.494577484175
Man United,Bolton,Old Trafford,22,48.1511849391819
Stoke,Blackpool,Bet365 Stadium,31,254.880346828248
QPR,Newcastle,Loftus Road,27,875.697487784638
Chelsea,Arsenal,Stamford Bridge,12,23.1511116279654
Swansea,Swansea,Swansea.com Stadium,33,0
West Brom,Fulham,The Hawthorns,36,368.403290015178
Tottenham,Burnley,White Hart Lane,34,647.25364049525
West Ham,Fulham,London Stadium (Olympic Stadium),37,34.6276176965275
Sunderland,Blackburn,Stadium of Light,32,371.246053445926
Birmingham,Liverpool,St Andrew's (stadium),3,297.565920915776
Reading,West Ham,Madejski Stadium,28,149.556818543616
Newcastle,Chelsea,St. James' Park,24,881.812788129385
Brentford,Burnley,Brentford Community Stadium,8,653.502521145049
Blackpool,Middlesbrough,Bloomfield Road,5,371.976732460445
Norwich,Liverpool,Carrow Road,25,679.795375480858
Brighton,Newcastle,Falmer Stadium (The Amex),9,1040.14593514515
QPR,QPR,Loftus Road,27,0
Tottenham,Blackpool,White Hart Lane,34,708.325438244152
Cardiff,Bolton,Cardiff City Stadium (Dinas Caerdydd),11,555.864071166621
Newcastle,West Brom,St. James' Park,24,626.330346218735
Middlesbrough,Brentford,Riverside Stadium,23,783.863933579379
Bournemouth,Hull,Dean Court (Vitality Stadium),7,779.282748384136
Hull,Man United,MKM Stadium,17,297.946400241012
Leeds,Aston Villa,Elland Road,18,330.313909847355
Wolves,Everton,Molineux Stadium,39,250.809517235172
Norwich,Brentford,Carrow Road,25,378.563465459127
Bolton,Swansea,University of Bolton Stadium,6,566.119374179897
Birmingham,Wolves,St Andrew's (stadium),3,48.3171624635512
Wolves,Stoke,Molineux Stadium,39,98.0835679250873
Leicester,Hull,King Power Stadium,19,302.126538864138
Brighton,Swansea,Falmer Stadium (The Amex),9,679.153507864643
Watford,Cardiff,Vicarage Road,35,461.054960525882
Wigan,Man City,DW Stadium,38,70.1321172423463
QPR,Aston Villa,Loftus Road,27,355.535064048002
QPR,Crystal Palace,Loftus Road,27,36.5336657144045
Birmingham,Newcastle,St Andrew's (stadium),3,629.121458761206
Hull,Portsmouth,MKM Stadium,17,762.410969294652
Blackpool,Brighton,Bloomfield Road,5,881.918266159679
Leicester,Swansea,King Power Stadium,19,511.33835320684
Burnley,Norwich,Turf Moor,10,631.121355164299
Burnley,Brentford,Turf Moor,10,653.502521145049
Stoke,Man United,Bet365 Stadium,31,125.967884918736
Hull,Hull,MKM Stadium,17,0
Tottenham,Chelsea,White Hart Lane,34,36.3536940952707
Portsmouth,Southampton,Fratton Park,26,62.3605259991003
Newcastle,Stoke,St. James' Park,24,527.89914761695
Norwich,Fulham,Carrow Road,25,372.49541920391
Bournemouth,Everton,Dean Court (Vitality Stadium),7,718.353880358223
Watford,Wigan,Vicarage Road,35,573.246110489006
Leeds,Blackpool,Elland Road,18,228.139822270645
Reading,Huddersfield,Madejski Stadium,28,581.313382089216
Man United,Man City,Old Trafford,22,15.0467546254386
Brighton,Burnley,Falmer Stadium (The Amex),9,820.846468410777
Reading,Burnley,Madejski Stadium,28,623.970537005645
Sunderland,Reading,Stadium of Light,32,869.750187701653
Birmingham,Middlesbrough,St Andrew's (stadium),3,534.652014711129
Blackpool,Everton,Bloomfield Road,5,136.810294605815
Crystal Palace,Brentford,Selhurst Park,13,41.0954741150345
Birmingham,Reading,St Andrew's (stadium),3,288.996188063936
Bournemouth,Chelsea,Dean Court (Vitality Stadium),7,315.128573323103
Sheffield United,Man United,Bramall Lane,29,128.236398742565
Blackpool,Swansea,Bloomfield Road,5,643.789761368659
Newcastle,Brighton,St. James' Park,24,1040.14593514515
